<?xml version="1.0"?>

<web-app xmlns="http://java.sun.com/xml/ns/j2ee" xmlns:xsi="http://www.w3.org/2001/XMLSchema-instance" version="2.4" xsi:schemaLocation="http://java.sun.com/xml/ns/j2ee http://java.sun.com/xml/ns/j2ee/web-app_2_4.xsd">
	<filter>
		<filter-name>Compound Session Id Filter</filter-name>
		<filter-class>com.liferay.portal.kernel.servlet.PortalClassLoaderFilter</filter-class>
		<init-param>
			<param-name>filter-class</param-name>
			<param-value>com.liferay.portal.servlet.filters.compoundsessionid.CompoundSessionIdFilter</param-value>
		</init-param>
	</filter>
	<filter>
		<filter-name>Thread Local Filter</filter-name>
		<filter-class>com.liferay.portal.kernel.servlet.PortalClassLoaderFilter</filter-class>
		<init-param>
			<param-name>filter-class</param-name>
			<param-value>com.liferay.portal.servlet.filters.threadlocal.ThreadLocalFilter</param-value>
		</init-param>
	</filter>
	<filter>
		<filter-name>Ignore Filter - FTL</filter-name>
		<filter-class>com.liferay.portal.kernel.servlet.PortalClassLoaderFilter</filter-class>
		<init-param>
			<param-name>filter-class</param-name>
			<param-value>com.liferay.portal.servlet.filters.ignore.IgnoreFilter</param-value>
		</init-param>
	</filter>
	<filter>
		<filter-name>Ignore Filter - JSPF</filter-name>
		<filter-class>com.liferay.portal.kernel.servlet.PortalClassLoaderFilter</filter-class>
		<init-param>
			<param-name>filter-class</param-name>
			<param-value>com.liferay.portal.servlet.filters.ignore.IgnoreFilter</param-value>
		</init-param>
	</filter>
	<filter>
		<filter-name>Ignore Filter - VM</filter-name>
		<filter-class>com.liferay.portal.kernel.servlet.PortalClassLoaderFilter</filter-class>
		<init-param>
			<param-name>filter-class</param-name>
			<param-value>com.liferay.portal.servlet.filters.ignore.IgnoreFilter</param-value>
		</init-param>
	</filter>
	<filter>
		<filter-name>Aggregate Filter</filter-name>
		<filter-class>com.liferay.portal.kernel.servlet.PortalClassLoaderFilter</filter-class>
		<init-param>
			<param-name>filter-class</param-name>
			<param-value>com.liferay.portal.servlet.filters.aggregate.AggregateFilter</param-value>
		</init-param>
	</filter>
	<filter>
		<filter-name>Aggregate Filter - JSP</filter-name>
		<filter-class>com.liferay.portal.kernel.servlet.PortalClassLoaderFilter</filter-class>
		<init-param>
			<param-name>filter-class</param-name>
			<param-value>com.liferay.portal.servlet.filters.aggregate.AggregateFilter</param-value>
		</init-param>
		<init-param>
			<param-name>url-regex-pattern</param-name>
			<param-value>.+/(css|main)\.jsp</param-value>
		</init-param>
	</filter>
	<filter>
		<filter-name>Cache Filter - Resource</filter-name>
		<filter-class>com.liferay.portal.kernel.servlet.PortalClassLoaderFilter</filter-class>
		<init-param>
			<param-name>filter-class</param-name>
			<param-value>com.liferay.portal.servlet.filters.cache.CacheFilter</param-value>
		</init-param>
		<init-param>
			<param-name>url-regex-ignore-pattern</param-name>
			<param-value>.+/-/.+</param-value>
		</init-param>
		<init-param>
			<param-name>pattern</param-name>
			<param-value>2</param-value>
		</init-param>
	</filter>
	<filter>
		<filter-name>Cache Filter - Resource JSP</filter-name>
		<filter-class>com.liferay.portal.kernel.servlet.PortalClassLoaderFilter</filter-class>
		<init-param>
			<param-name>filter-class</param-name>
			<param-value>com.liferay.portal.servlet.filters.cache.CacheFilter</param-value>
		</init-param>
		<init-param>
			<param-name>url-regex-pattern</param-name>
			<param-value>.+/(css|main)\.jsp</param-value>
		</init-param>
		<init-param>
			<param-name>pattern</param-name>
			<param-value>2</param-value>
		</init-param>
	</filter>
	<filter>
		<filter-name>Dynamic CSS Filter</filter-name>
		<filter-class>com.liferay.portal.kernel.servlet.PortalClassLoaderFilter</filter-class>
		<init-param>
			<param-name>filter-class</param-name>
			<param-value>com.liferay.portal.servlet.filters.dynamiccss.DynamicCSSFilter</param-value>
		</init-param>
	</filter>
	<filter>
		<filter-name>Dynamic CSS Filter - JSP</filter-name>
		<filter-class>com.liferay.portal.kernel.servlet.PortalClassLoaderFilter</filter-class>
		<init-param>
			<param-name>filter-class</param-name>
			<param-value>com.liferay.portal.servlet.filters.dynamiccss.DynamicCSSFilter</param-value>
		</init-param>
		<init-param>
			<param-name>url-regex-pattern</param-name>
			<param-value>.+/(css|main)\.jsp</param-value>
		</init-param>
	</filter>
	<filter>
		<filter-name>ETag Filter</filter-name>
		<filter-class>com.liferay.portal.kernel.servlet.PortalClassLoaderFilter</filter-class>
		<init-param>
			<param-name>filter-class</param-name>
			<param-value>com.liferay.portal.servlet.filters.etag.ETagFilter</param-value>
		</init-param>
		<init-param>
			<param-name>url-regex-ignore-pattern</param-name>
			<param-value>.+/-/.+</param-value>
		</init-param>
	</filter>
	<filter>
		<filter-name>ETag Filter - JSP</filter-name>
		<filter-class>com.liferay.portal.kernel.servlet.PortalClassLoaderFilter</filter-class>
		<init-param>
			<param-name>filter-class</param-name>
			<param-value>com.liferay.portal.servlet.filters.etag.ETagFilter</param-value>
		</init-param>
		<init-param>
			<param-name>url-regex-pattern</param-name>
			<param-value>.+/(css|main)\.jsp</param-value>
		</init-param>
	</filter>
	<filter>
		<filter-name>GZip Filter</filter-name>
		<filter-class>com.liferay.portal.kernel.servlet.PortalClassLoaderFilter</filter-class>
		<init-param>
			<param-name>filter-class</param-name>
			<param-value>com.liferay.portal.servlet.filters.gzip.GZipFilter</param-value>
		</init-param>
	</filter>
	<filter>
		<filter-name>GZip Filter - Theme PNG</filter-name>
		<filter-class>com.liferay.portal.kernel.servlet.PortalClassLoaderFilter</filter-class>
		<init-param>
			<param-name>filter-class</param-name>
			<param-value>com.liferay.portal.servlet.filters.gzip.GZipFilter</param-value>
		</init-param>
		<init-param>
			<param-name>url-regex-pattern</param-name>
			<param-value>.+/themes/.*/images/.*\.png</param-value>
		</init-param>
	</filter>
	<filter>
		<filter-name>Header Filter</filter-name>
		<filter-class>com.liferay.portal.kernel.servlet.PortalClassLoaderFilter</filter-class>
		<init-param>
			<param-name>filter-class</param-name>
			<param-value>com.liferay.portal.servlet.filters.header.HeaderFilter</param-value>
		</init-param>
		<init-param>
			<param-name>url-regex-ignore-pattern</param-name>
			<param-value>.+/-/.+</param-value>
		</init-param>
		<init-param>
			<param-name>Cache-Control</param-name>
			<param-value>max-age=315360000, public</param-value>
		</init-param>
		<init-param>
			<param-name>Expires</param-name>
			<param-value>315360000</param-value>
		</init-param>
		<init-param>
			<param-name>Vary</param-name>
			<param-value>Accept-Encoding</param-value>
		</init-param>
	</filter>
	<filter>
		<filter-name>Header Filter - JSP</filter-name>
		<filter-class>com.liferay.portal.kernel.servlet.PortalClassLoaderFilter</filter-class>
		<init-param>
			<param-name>filter-class</param-name>
			<param-value>com.liferay.portal.servlet.filters.header.HeaderFilter</param-value>
		</init-param>
		<init-param>
			<param-name>url-regex-pattern</param-name>
			<param-value>.+/(css|main)\.jsp</param-value>
		</init-param>
		<init-param>
			<param-name>Cache-Control</param-name>
			<param-value>max-age=315360000, public</param-value>
		</init-param>
		<init-param>
			<param-name>Expires</param-name>
			<param-value>315360000</param-value>
		</init-param>
		<init-param>
			<param-name>Vary</param-name>
			<param-value>Accept-Encoding</param-value>
		</init-param>
	</filter>
	<filter>
		<filter-name>Language Filter</filter-name>
		<filter-class>com.liferay.portal.kernel.servlet.PortalClassLoaderFilter</filter-class>
		<init-param>
			<param-name>filter-class</param-name>
			<param-value>com.liferay.portal.servlet.filters.language.LanguageFilter</param-value>
		</init-param>
	</filter>
	<filter>
		<filter-name>WebLogic Include Filter</filter-name>
		<filter-class>com.liferay.portal.kernel.servlet.PortalClassLoaderFilter</filter-class>
		<init-param>
			<param-name>filter-class</param-name>
			<param-value>com.liferay.portal.servlet.filters.weblogic.WebLogicIncludeFilter</param-value>
		</init-param>
	</filter>
	<filter>
		<filter-name>Servlet Context Include Filter</filter-name>
		<filter-class>com.liferay.portal.kernel.servlet.PortalClassLoaderFilter</filter-class>
		<init-param>
			<param-name>filter-class</param-name>
			<param-value>com.liferay.portal.servlet.filters.servletcontextinclude.ServletContextIncludeFilter</param-value>
		</init-param>
		<init-param>
			<param-name>url-regex-ignore-pattern</param-name>
			<param-value>.*/WEB-INF/jsp/_servlet_context_include.jsp</param-value>
		</init-param>
	</filter>
	<filter-mapping>
		<filter-name>Thread Local Filter</filter-name>
		<url-pattern>/*</url-pattern>
	</filter-mapping>
	<filter-mapping>
		<filter-name>Compound Session Id Filter</filter-name>
		<url-pattern>/*</url-pattern>
		<dispatcher>ERROR</dispatcher>
		<dispatcher>FORWARD</dispatcher>
		<dispatcher>INCLUDE</dispatcher>
		<dispatcher>REQUEST</dispatcher>
	</filter-mapping>
	<filter-mapping>
		<filter-name>Ignore Filter - FTL</filter-name>
		<url-pattern>*.ftl</url-pattern>
	</filter-mapping>
	<filter-mapping>
		<filter-name>Ignore Filter - JSPF</filter-name>
		<url-pattern>*.jspf</url-pattern>
	</filter-mapping>
	<filter-mapping>
		<filter-name>Ignore Filter - VM</filter-name>
		<url-pattern>*.vm</url-pattern>
	</filter-mapping>
	<filter-mapping>
		<filter-name>Header Filter</filter-name>
		<url-pattern>*.css</url-pattern>
	</filter-mapping>
	<filter-mapping>
		<filter-name>Header Filter</filter-name>
		<url-pattern>*.gif</url-pattern>
	</filter-mapping>
	<filter-mapping>
		<filter-name>Header Filter</filter-name>
		<url-pattern>*.html</url-pattern>
	</filter-mapping>
	<filter-mapping>
		<filter-name>Header Filter</filter-name>
		<url-pattern>*.ico</url-pattern>
	</filter-mapping>
	<filter-mapping>
		<filter-name>Header Filter</filter-name>
		<url-pattern>*.jpg</url-pattern>
	</filter-mapping>
	<filter-mapping>
		<filter-name>Header Filter</filter-name>
		<url-pattern>*.js</url-pattern>
	</filter-mapping>
	<filter-mapping>
		<filter-name>Header Filter</filter-name>
		<url-pattern>*.png</url-pattern>
	</filter-mapping>
	<filter-mapping>
		<filter-name>Header Filter - JSP</filter-name>
		<url-pattern>*.jsp</url-pattern>
	</filter-mapping>
	<filter-mapping>
		<filter-name>ETag Filter</filter-name>
		<url-pattern>*.css</url-pattern>
	</filter-mapping>
	<filter-mapping>
		<filter-name>ETag Filter</filter-name>
		<url-pattern>*.gif</url-pattern>
	</filter-mapping>
	<filter-mapping>
		<filter-name>ETag Filter</filter-name>
		<url-pattern>*.html</url-pattern>
	</filter-mapping>
	<filter-mapping>
		<filter-name>ETag Filter</filter-name>
		<url-pattern>*.ico</url-pattern>
	</filter-mapping>
	<filter-mapping>
		<filter-name>ETag Filter</filter-name>
		<url-pattern>*.jpg</url-pattern>
	</filter-mapping>
	<filter-mapping>
		<filter-name>ETag Filter</filter-name>
		<url-pattern>*.js</url-pattern>
	</filter-mapping>
	<filter-mapping>
		<filter-name>ETag Filter</filter-name>
		<url-pattern>*.png</url-pattern>
	</filter-mapping>
	<filter-mapping>
		<filter-name>ETag Filter - JSP</filter-name>
		<url-pattern>*.jsp</url-pattern>
	</filter-mapping>
	<filter-mapping>
		<filter-name>Cache Filter - Resource</filter-name>
		<url-pattern>*.css</url-pattern>
	</filter-mapping>
	<filter-mapping>
		<filter-name>Cache Filter - Resource</filter-name>
		<url-pattern>*.html</url-pattern>
	</filter-mapping>
	<filter-mapping>
		<filter-name>Cache Filter - Resource</filter-name>
		<url-pattern>*.js</url-pattern>
	</filter-mapping>
	<filter-mapping>
		<filter-name>Cache Filter - Resource JSP</filter-name>
		<url-pattern>*.jsp</url-pattern>
	</filter-mapping>
	<filter-mapping>
		<filter-name>GZip Filter</filter-name>
		<url-pattern>*.css</url-pattern>
	</filter-mapping>
	<filter-mapping>
		<filter-name>GZip Filter</filter-name>
		<url-pattern>*.html</url-pattern>
	</filter-mapping>
	<filter-mapping>
		<filter-name>GZip Filter</filter-name>
		<url-pattern>*.js</url-pattern>
	</filter-mapping>
	<filter-mapping>
		<filter-name>GZip Filter</filter-name>
		<url-pattern>*.jsp</url-pattern>
	</filter-mapping>
	<filter-mapping>
		<filter-name>GZip Filter - Theme PNG</filter-name>
		<url-pattern>*.png</url-pattern>
	</filter-mapping>
	<filter-mapping>
		<filter-name>Language Filter</filter-name>
		<url-pattern>*.js</url-pattern>
	</filter-mapping>
	<filter-mapping>
		<filter-name>Aggregate Filter</filter-name>
		<url-pattern>*.css</url-pattern>
	</filter-mapping>
	<filter-mapping>
		<filter-name>Aggregate Filter</filter-name>
		<url-pattern>*.js</url-pattern>
	</filter-mapping>
	<filter-mapping>
		<filter-name>Aggregate Filter - JSP</filter-name>
		<url-pattern>*.jsp</url-pattern>
	</filter-mapping>
	<filter-mapping>
		<filter-name>Dynamic CSS Filter</filter-name>
		<url-pattern>*.css</url-pattern>
	</filter-mapping>
	<filter-mapping>
		<filter-name>Dynamic CSS Filter - JSP</filter-name>
		<url-pattern>*.jsp</url-pattern>
	</filter-mapping>
	<filter-mapping>
		<filter-name>WebLogic Include Filter</filter-name>
		<url-pattern>/*</url-pattern>
		<dispatcher>INCLUDE</dispatcher>
	</filter-mapping>
	<filter-mapping>
		<filter-name>Servlet Context Include Filter</filter-name>
		<url-pattern>*.jsp</url-pattern>
		<dispatcher>FORWARD</dispatcher>
		<dispatcher>INCLUDE</dispatcher>
		<dispatcher>REQUEST</dispatcher>
	</filter-mapping>
</web-app>