<?xml version="1.0"?>
<!DOCTYPE liferay-portlet-app PUBLIC "-//Liferay//DTD Portlet Application 6.2.0//EN" "http://www.liferay.com/dtd/liferay-portlet-app_6_2_0.dtd">

<liferay-portlet-app>
	<portlet>
		<portlet-name>LuanVan-V4</portlet-name>
		<icon>/icon.png</icon>
		<header-portlet-css>/css/main.css</header-portlet-css>
		<footer-portlet-javascript>/js/main.js</footer-portlet-javascript>
		<css-class-wrapper>LuanVan-V4-portlet</css-class-wrapper>
	</portlet>
	<portlet>
		<portlet-name>skill-admin</portlet-name>
		<icon>/icon.png</icon>
		<header-portlet-css>/css/main.css</header-portlet-css>
		<footer-portlet-javascript>/js/main.js</footer-portlet-javascript>
		<css-class-wrapper>skill-admin-portlet</css-class-wrapper>
	</portlet>
	<portlet>
		<portlet-name>my-account-user</portlet-name>
		<icon>/icon.png</icon>
		<header-portlet-css>/css/main.css</header-portlet-css>
		<footer-portlet-javascript>/js/main.js</footer-portlet-javascript>
		<css-class-wrapper>my-account-user-portlet</css-class-wrapper>
	</portlet>
	<portlet>
		<portlet-name>linkuser</portlet-name>
		<icon>/icon.png</icon>
		<header-portlet-css>/css/main.css</header-portlet-css>
		<footer-portlet-javascript>/js/main.js</footer-portlet-javascript>
		<css-class-wrapper>linkuser-portlet</css-class-wrapper>
	</portlet>
	<portlet>
		<portlet-name>listener-skill-users</portlet-name>
		<icon>/icon.png</icon>
		<header-portlet-css>/css/main.css</header-portlet-css>
		<footer-portlet-javascript>/js/main.js</footer-portlet-javascript>
		<css-class-wrapper>listener-skill-users-portlet</css-class-wrapper>
	</portlet>
	<portlet>
		<portlet-name>training</portlet-name>
		<icon>/icon.png</icon>
		<header-portlet-css>/css/main.css</header-portlet-css>
		<footer-portlet-javascript>/js/main.js</footer-portlet-javascript>
		<css-class-wrapper>training-portlet</css-class-wrapper>
	</portlet>
	<portlet>
		<portlet-name>educator</portlet-name>
		<icon>/icon.png</icon>
		<header-portlet-css>/css/main.css</header-portlet-css>
		<footer-portlet-javascript>/js/main.js</footer-portlet-javascript>
		<css-class-wrapper>educator-portlet</css-class-wrapper>
	</portlet>
	<portlet>
		<portlet-name>employer</portlet-name>
		<icon>/icon.png</icon>
		<header-portlet-css>/css/main.css</header-portlet-css>
		<footer-portlet-javascript>/js/main.js</footer-portlet-javascript>
		<css-class-wrapper>employer-portlet</css-class-wrapper>
	</portlet>
	<portlet>
		<portlet-name>job</portlet-name>
		<icon>/icon.png</icon>
		<header-portlet-css>/css/main.css</header-portlet-css>
		<footer-portlet-javascript>/js/main.js</footer-portlet-javascript>
		<css-class-wrapper>job-portlet</css-class-wrapper>
	</portlet>
	<portlet>
		<portlet-name>course</portlet-name>
		<icon>/icon.png</icon>
		<header-portlet-css>/css/main.css</header-portlet-css>
		<footer-portlet-javascript>/js/main.js</footer-portlet-javascript>
		<css-class-wrapper>course-portlet</css-class-wrapper>
	</portlet>
	<portlet>
		<portlet-name>recruitment</portlet-name>
		<icon>/icon.png</icon>
		<header-portlet-css>/css/main.css</header-portlet-css>
		<footer-portlet-javascript>/js/main.js</footer-portlet-javascript>
		<css-class-wrapper>recruitment-portlet</css-class-wrapper>
	</portlet>
	<portlet>
		<portlet-name>course-register</portlet-name>
		<icon>/icon.png</icon>
		<header-portlet-css>/css/main.css</header-portlet-css>
		<footer-portlet-javascript>/js/main.js</footer-portlet-javascript>
		<css-class-wrapper>course-register-portlet</css-class-wrapper>
	</portlet>
	<portlet>
		<portlet-name>recruitment-register</portlet-name>
		<icon>/icon.png</icon>
		<header-portlet-css>/css/main.css</header-portlet-css>
		<footer-portlet-javascript>/js/main.js</footer-portlet-javascript>
		<css-class-wrapper>recruitment-register-portlet</css-class-wrapper>
	</portlet>
	<portlet>
		<portlet-name>add-course</portlet-name>
		<icon>/icon.png</icon>
		<user-notification-definitions>usesr-notification-definitions.xml</user-notification-definitions>
		<user-notification-handler-class>com.dylan.messagebus.listenerImp.UserNotificationHandler</user-notification-handler-class>
		<header-portlet-css>/css/main.css</header-portlet-css>
		<footer-portlet-javascript>/js/main.js</footer-portlet-javascript>
		<css-class-wrapper>add-course-portlet</css-class-wrapper>
	</portlet>
	<portlet>
		<portlet-name>add-training</portlet-name>
		<icon>/icon.png</icon>
		<header-portlet-css>/css/main.css</header-portlet-css>
		<footer-portlet-javascript>/js/main.js</footer-portlet-javascript>
		<css-class-wrapper>add-training-portlet</css-class-wrapper>
	</portlet>
	<portlet>
		<portlet-name>my-account-educator</portlet-name>
		<icon>/icon.png</icon>
		<header-portlet-css>/css/main.css</header-portlet-css>
		<footer-portlet-javascript>/js/main.js</footer-portlet-javascript>
		<css-class-wrapper>my-account-educator-portlet</css-class-wrapper>
	</portlet>
	<portlet>
		<portlet-name>actionrecruitment</portlet-name>
		<icon>/icon.png</icon>
		<header-portlet-css>/css/main.css</header-portlet-css>
		<footer-portlet-javascript>/js/main.js</footer-portlet-javascript>
		<css-class-wrapper>actionrecruitment-portlet</css-class-wrapper>
	</portlet>
	<portlet>
		<portlet-name>student-management</portlet-name>
		<icon>/icon.png</icon>
		<header-portlet-css>/css/main.css</header-portlet-css>
		<footer-portlet-javascript>/js/main.js</footer-portlet-javascript>
		<css-class-wrapper>student-management-portlet</css-class-wrapper>
	</portlet>
	<portlet>
		<portlet-name>listener-educator-user</portlet-name>
		<icon>/icon.png</icon>
		<header-portlet-css>/css/main.css</header-portlet-css>
		<footer-portlet-javascript>/js/main.js</footer-portlet-javascript>
		<css-class-wrapper>listener-educator-user-portlet</css-class-wrapper>
	</portlet>
	<portlet>
		<portlet-name>accept-user-register-request</portlet-name>
		<icon>/icon.png</icon>
		<header-portlet-css>/css/main.css</header-portlet-css>
		<footer-portlet-javascript>/js/main.js</footer-portlet-javascript>
		<css-class-wrapper>accept-user-register-request-portlet</css-class-wrapper>
	</portlet>
	<portlet>
		<portlet-name>followof-employer</portlet-name>
		<icon>/icon.png</icon>
		<header-portlet-css>/css/main.css</header-portlet-css>
		<footer-portlet-javascript>/js/main.js</footer-portlet-javascript>
		<css-class-wrapper>followof-employer-portlet</css-class-wrapper>
	</portlet>
	<portlet>
		<portlet-name>mail</portlet-name>
		<icon>/icon.png</icon>
		<header-portlet-css>/css/main.css</header-portlet-css>
		<footer-portlet-javascript>/js/main.js</footer-portlet-javascript>
		<css-class-wrapper>mail-portlet</css-class-wrapper>
	</portlet>
	<portlet>
		<portlet-name>acc-recruitment</portlet-name>
		<icon>/icon.png</icon>
		<header-portlet-css>/css/main.css</header-portlet-css>
		<footer-portlet-javascript>/js/main.js</footer-portlet-javascript>
		<css-class-wrapper>acc-recruitment-portlet</css-class-wrapper>
	</portlet>
	<portlet>
		<portlet-name>registed</portlet-name>
		<icon>/icon.png</icon>
		<header-portlet-css>/css/main.css</header-portlet-css>
		<footer-portlet-javascript>/js/main.js</footer-portlet-javascript>
		<css-class-wrapper>registed-portlet</css-class-wrapper>
	</portlet>
	<role-mapper>
		<role-name>administrator</role-name>
		<role-link>Administrator</role-link>
	</role-mapper>
	<role-mapper>
		<role-name>guest</role-name>
		<role-link>Guest</role-link>
	</role-mapper>
	<role-mapper>
		<role-name>power-user</role-name>
		<role-link>Power User</role-link>
	</role-mapper>
	<role-mapper>
		<role-name>user</role-name>
		<role-link>User</role-link>
	</role-mapper>
</liferay-portlet-app>