<?xml version="1.0"?>
<!DOCTYPE display PUBLIC "-//Liferay//DTD Display 6.2.0//EN" "http://www.liferay.com/dtd/liferay-display_6_2_0.dtd">

<display>
	<category name="New Social">
		<portlet id="skill-admin"></portlet>
		<portlet id="my-account-user"></portlet>
		<portlet id="linkuser"></portlet>
		<portlet id="listener-skill-users"></portlet>
		<portlet id="training"></portlet>
		<portlet id="educator"></portlet>
		<portlet id="employer"></portlet>
		<portlet id="job"></portlet>
		<portlet id="course"></portlet>
		<portlet id="recruitment"></portlet>
		<portlet id="course-register"></portlet>
		<portlet id="recruitment-register"></portlet>
		<portlet id="add-course"></portlet>
		<portlet id="add-training"></portlet>
		<portlet id="my-account-educator"></portlet>
		<portlet id="actionrecruitment"></portlet>
		<portlet id="student-management"></portlet>
		<portlet id="listener-educator-user"></portlet>
		<portlet id="accept-user-register-request"></portlet>
		<portlet id="LuanVan-V4"></portlet>
		<portlet id="followof-employer"></portlet>
		<portlet id="mail"></portlet>
		<portlet id="acc-recruitment"></portlet>
		<portlet id="registed"></portlet>
	</category>
</display>