<?xml version="1.0"?>

<portlet-app xmlns="http://java.sun.com/xml/ns/portlet/portlet-app_2_0.xsd" xmlns:xsi="http://www.w3.org/2001/XMLSchema-instance" xsi:schemaLocation="http://java.sun.com/xml/ns/portlet/portlet-app_2_0.xsd http://java.sun.com/xml/ns/portlet/portlet-app_2_0.xsd" version="2.0">
	<portlet>
		<portlet-name>LuanVan-V4</portlet-name>
		<display-name>LuanVan V4</display-name>
		<portlet-class>com.liferay.util.bridges.mvc.MVCPortlet</portlet-class>
		<init-param>
			<name>view-template</name>
			<value>/view.jsp</value>
		</init-param>
		<expiration-cache>0</expiration-cache>
		<supports>
			<mime-type>text/html</mime-type>
		</supports>
		<portlet-info>
			<title>LuanVan V4</title>
			<short-title>LuanVan V4</short-title>
			<keywords>LuanVan V4</keywords>
		</portlet-info>
		<security-role-ref>
			<role-name>administrator</role-name>
		</security-role-ref>
		<security-role-ref>
			<role-name>guest</role-name>
		</security-role-ref>
		<security-role-ref>
			<role-name>power-user</role-name>
		</security-role-ref>
		<security-role-ref>
			<role-name>user</role-name>
		</security-role-ref>
	</portlet>
	<portlet>
		<portlet-name>skill-admin</portlet-name>
		<display-name>Skill Admin</display-name>
		<portlet-class>com.kimtho.portlet.skilladmin.SkillAdminPortlet</portlet-class>
		<init-param>
			<name>view-template</name>
			<value>/html/portlet/skilladmin/view.jsp</value>
		</init-param>
		<init-param>
			<name>add-process-action-success-action</name>
			<value>false</value>
		</init-param>
		<expiration-cache>0</expiration-cache>
		<supports>
			<mime-type>text/html</mime-type>
			<portlet-mode>view</portlet-mode>
		</supports>
		<portlet-info>
			<title>Skill Admin</title>
			<short-title>Skill Admin</short-title>
			<keywords></keywords>
		</portlet-info>
		<security-role-ref>
			<role-name>administrator</role-name>
		</security-role-ref>
		<security-role-ref>
			<role-name>guest</role-name>
		</security-role-ref>
		<security-role-ref>
			<role-name>power-user</role-name>
		</security-role-ref>
		<security-role-ref>
			<role-name>user</role-name>
		</security-role-ref>
	</portlet>
	<portlet>
		<portlet-name>my-account-user</portlet-name>
		<display-name>My Account User</display-name>
		<portlet-class>com.kimtho.portlet.myaccountuser.MyAccountUserPortlet</portlet-class>
		<init-param>
			<name>view-template</name>
			<value>/html/portlet/myaccountuser/view.jsp</value>
		</init-param>
		<init-param>
			<name>add-process-action-success-action</name>
			<value>false</value>
		</init-param>
		<expiration-cache>0</expiration-cache>
		<supports>
			<mime-type>text/html</mime-type>
			<portlet-mode>view</portlet-mode>
		</supports>
		<portlet-info>
			<title>My Account User</title>
			<short-title>My Account User</short-title>
			<keywords></keywords>
		</portlet-info>
		<security-role-ref>
			<role-name>administrator</role-name>
		</security-role-ref>
		<security-role-ref>
			<role-name>guest</role-name>
		</security-role-ref>
		<security-role-ref>
			<role-name>power-user</role-name>
		</security-role-ref>
		<security-role-ref>
			<role-name>user</role-name>
		</security-role-ref>
	</portlet>
	<portlet>
		<portlet-name>linkuser</portlet-name>
		<display-name>Linkuser</display-name>
		<portlet-class>com.liferay.util.bridges.mvc.MVCPortlet</portlet-class>
		<init-param>
			<name>view-template</name>
			<value>/html/portlet/linkuser/view.jsp</value>
		</init-param>
		<init-param>
			<name>add-process-action-success-action</name>
			<value>false</value>
		</init-param>
		<expiration-cache>0</expiration-cache>
		<supports>
			<mime-type>text/html</mime-type>
			<portlet-mode>view</portlet-mode>
		</supports>
		<portlet-info>
			<title>Linkuser</title>
			<short-title>Linkuser</short-title>
			<keywords></keywords>
		</portlet-info>
		<security-role-ref>
			<role-name>administrator</role-name>
		</security-role-ref>
		<security-role-ref>
			<role-name>guest</role-name>
		</security-role-ref>
		<security-role-ref>
			<role-name>power-user</role-name>
		</security-role-ref>
		<security-role-ref>
			<role-name>user</role-name>
		</security-role-ref>
	</portlet>
	<portlet>
		<portlet-name>listener-skill-users</portlet-name>
		<display-name>Listener Skill Users</display-name>
		<portlet-class>com.kimtho.portlet.listenerskillusers.ListenerSkillUsersPortlet</portlet-class>
		<init-param>
			<name>view-template</name>
			<value>/html/portlet/listenerskillusers/view.jsp</value>
		</init-param>
		<init-param>
			<name>add-process-action-success-action</name>
			<value>false</value>
		</init-param>
		<expiration-cache>0</expiration-cache>
		<supports>
			<mime-type>text/html</mime-type>
			<portlet-mode>view</portlet-mode>
		</supports>
		<portlet-info>
			<title>Listener Skill Users</title>
			<short-title>Listener Skill Users</short-title>
			<keywords></keywords>
		</portlet-info>
		<security-role-ref>
			<role-name>administrator</role-name>
		</security-role-ref>
		<security-role-ref>
			<role-name>guest</role-name>
		</security-role-ref>
		<security-role-ref>
			<role-name>power-user</role-name>
		</security-role-ref>
		<security-role-ref>
			<role-name>user</role-name>
		</security-role-ref>
	</portlet>
	<portlet>
		<portlet-name>training</portlet-name>
		<display-name>Training</display-name>
		<portlet-class>com.kimtho.portlet.training.TrainingPortlet</portlet-class>
		<init-param>
			<name>view-template</name>
			<value>/html/portlet/training/view.jsp</value>
		</init-param>
		<init-param>
			<name>add-process-action-success-action</name>
			<value>false</value>
		</init-param>
		<expiration-cache>0</expiration-cache>
		<supports>
			<mime-type>text/html</mime-type>
			<portlet-mode>view</portlet-mode>
		</supports>
		<portlet-info>
			<title>Training</title>
			<short-title>Training</short-title>
			<keywords></keywords>
		</portlet-info>
		<security-role-ref>
			<role-name>administrator</role-name>
		</security-role-ref>
		<security-role-ref>
			<role-name>guest</role-name>
		</security-role-ref>
		<security-role-ref>
			<role-name>power-user</role-name>
		</security-role-ref>
		<security-role-ref>
			<role-name>user</role-name>
		</security-role-ref>
	</portlet>
	<portlet>
		<portlet-name>educator</portlet-name>
		<display-name>Educator</display-name>
		<portlet-class>com.kimtho.portlet.educator.EducatorPortlet</portlet-class>
		<init-param>
			<name>view-template</name>
			<value>/html/portlet/educator/view.jsp</value>
		</init-param>
		<init-param>
			<name>add-process-action-success-action</name>
			<value>false</value>
		</init-param>
		<expiration-cache>0</expiration-cache>
		<supports>
			<mime-type>text/html</mime-type>
			<portlet-mode>view</portlet-mode>
		</supports>
		<portlet-info>
			<title>Educator</title>
			<short-title>Educator</short-title>
			<keywords></keywords>
		</portlet-info>
		<security-role-ref>
			<role-name>administrator</role-name>
		</security-role-ref>
		<security-role-ref>
			<role-name>guest</role-name>
		</security-role-ref>
		<security-role-ref>
			<role-name>power-user</role-name>
		</security-role-ref>
		<security-role-ref>
			<role-name>user</role-name>
		</security-role-ref>
	</portlet>
	<portlet>
		<portlet-name>employer</portlet-name>
		<display-name>Employer</display-name>
		<portlet-class>com.kimtho.portlet.employer.EmployerPortlet</portlet-class>
		<init-param>
			<name>view-template</name>
			<value>/html/portlet/employer/view.jsp</value>
		</init-param>
		<init-param>
			<name>add-process-action-success-action</name>
			<value>false</value>
		</init-param>
		<expiration-cache>0</expiration-cache>
		<supports>
			<mime-type>text/html</mime-type>
			<portlet-mode>view</portlet-mode>
		</supports>
		<portlet-info>
			<title>Employer</title>
			<short-title>Employer</short-title>
			<keywords></keywords>
		</portlet-info>
		<security-role-ref>
			<role-name>administrator</role-name>
		</security-role-ref>
		<security-role-ref>
			<role-name>guest</role-name>
		</security-role-ref>
		<security-role-ref>
			<role-name>power-user</role-name>
		</security-role-ref>
		<security-role-ref>
			<role-name>user</role-name>
		</security-role-ref>
	</portlet>
	<portlet>
		<portlet-name>job</portlet-name>
		<display-name>Job</display-name>
		<portlet-class>com.kimtho.portlet.job.JobPortlet</portlet-class>
		<init-param>
			<name>view-template</name>
			<value>/html/portlet/job/view.jsp</value>
		</init-param>
		<init-param>
			<name>add-process-action-success-action</name>
			<value>false</value>
		</init-param>
		<expiration-cache>0</expiration-cache>
		<supports>
			<mime-type>text/html</mime-type>
			<portlet-mode>view</portlet-mode>
		</supports>
		<portlet-info>
			<title>Job</title>
			<short-title>Job</short-title>
			<keywords></keywords>
		</portlet-info>
		<security-role-ref>
			<role-name>administrator</role-name>
		</security-role-ref>
		<security-role-ref>
			<role-name>guest</role-name>
		</security-role-ref>
		<security-role-ref>
			<role-name>power-user</role-name>
		</security-role-ref>
		<security-role-ref>
			<role-name>user</role-name>
		</security-role-ref>
	</portlet>
	<portlet>
		<portlet-name>course</portlet-name>
		<display-name>Course</display-name>
		<portlet-class>com.kimtho.portlet.course.CoursePortlet</portlet-class>
		<init-param>
			<name>view-template</name>
			<value>/html/portlet/course/view.jsp</value>
		</init-param>
		<init-param>
			<name>add-process-action-success-action</name>
			<value>false</value>
		</init-param>
		<expiration-cache>0</expiration-cache>
		<supports>
			<mime-type>text/html</mime-type>
			<portlet-mode>view</portlet-mode>
		</supports>
		<portlet-info>
			<title>Course</title>
			<short-title>Course</short-title>
			<keywords></keywords>
		</portlet-info>
		<security-role-ref>
			<role-name>administrator</role-name>
		</security-role-ref>
		<security-role-ref>
			<role-name>guest</role-name>
		</security-role-ref>
		<security-role-ref>
			<role-name>power-user</role-name>
		</security-role-ref>
		<security-role-ref>
			<role-name>user</role-name>
		</security-role-ref>
	</portlet>
	<portlet>
		<portlet-name>recruitment</portlet-name>
		<display-name>Recruitment</display-name>
		<portlet-class>com.kimtho.portlet.recruitment.RecruitmentPortlet</portlet-class>
		<init-param>
			<name>view-template</name>
			<value>/html/portlet/recruitment/view.jsp</value>
		</init-param>
		<init-param>
			<name>add-process-action-success-action</name>
			<value>false</value>
		</init-param>
		<expiration-cache>0</expiration-cache>
		<supports>
			<mime-type>text/html</mime-type>
			<portlet-mode>view</portlet-mode>
		</supports>
		<portlet-info>
			<title>Recruitment</title>
			<short-title>Recruitment</short-title>
			<keywords></keywords>
		</portlet-info>
		<security-role-ref>
			<role-name>administrator</role-name>
		</security-role-ref>
		<security-role-ref>
			<role-name>guest</role-name>
		</security-role-ref>
		<security-role-ref>
			<role-name>power-user</role-name>
		</security-role-ref>
		<security-role-ref>
			<role-name>user</role-name>
		</security-role-ref>
	</portlet>
	<portlet>
		<portlet-name>course-register</portlet-name>
		<display-name>Course Register</display-name>
		<portlet-class>com.kimtho.portlet.courseregister.CourseRegisterPortlet</portlet-class>
		<init-param>
			<name>view-template</name>
			<value>/html/portlet/courseregister/view.jsp</value>
		</init-param>
		<init-param>
			<name>add-process-action-success-action</name>
			<value>false</value>
		</init-param>
		<expiration-cache>0</expiration-cache>
		<supports>
			<mime-type>text/html</mime-type>
			<portlet-mode>view</portlet-mode>
		</supports>
		<portlet-info>
			<title>Course Register</title>
			<short-title>Course Register</short-title>
			<keywords></keywords>
		</portlet-info>
		<security-role-ref>
			<role-name>administrator</role-name>
		</security-role-ref>
		<security-role-ref>
			<role-name>guest</role-name>
		</security-role-ref>
		<security-role-ref>
			<role-name>power-user</role-name>
		</security-role-ref>
		<security-role-ref>
			<role-name>user</role-name>
		</security-role-ref>
	</portlet>
	<portlet>
		<portlet-name>recruitment-register</portlet-name>
		<display-name>Recruitment Register</display-name>
		<portlet-class>com.kimtho.portlet.recruitmentregister.RecruitmentRegisterPortlet</portlet-class>
		<init-param>
			<name>view-template</name>
			<value>/html/portlet/recruitmentregister/view.jsp</value>
		</init-param>
		<init-param>
			<name>add-process-action-success-action</name>
			<value>false</value>
		</init-param>
		<expiration-cache>0</expiration-cache>
		<supports>
			<mime-type>text/html</mime-type>
			<portlet-mode>view</portlet-mode>
		</supports>
		<portlet-info>
			<title>Recruitment Register</title>
			<short-title>Recruitment Register</short-title>
			<keywords></keywords>
		</portlet-info>
		<security-role-ref>
			<role-name>administrator</role-name>
		</security-role-ref>
		<security-role-ref>
			<role-name>guest</role-name>
		</security-role-ref>
		<security-role-ref>
			<role-name>power-user</role-name>
		</security-role-ref>
		<security-role-ref>
			<role-name>user</role-name>
		</security-role-ref>
	</portlet>
	<portlet>
		<portlet-name>add-course</portlet-name>
		<display-name>Add Course</display-name>
		<portlet-class>com.dylan.addcourse.AddCourse</portlet-class>
		<init-param>
			<name>view-template</name>
			<value>/html/addcourse/view.jsp</value>
		</init-param>
		<init-param>
			<name>add-process-action-success-action</name>
			<value>false</value>
		</init-param>
		<expiration-cache>0</expiration-cache>
		<supports>
			<mime-type>text/html</mime-type>
			<portlet-mode>view</portlet-mode>
		</supports>
		<portlet-info>
			<title>Add Course</title>
			<short-title>Add Course</short-title>
			<keywords></keywords>
		</portlet-info>
		<security-role-ref>
			<role-name>administrator</role-name>
		</security-role-ref>
		<security-role-ref>
			<role-name>guest</role-name>
		</security-role-ref>
		<security-role-ref>
			<role-name>power-user</role-name>
		</security-role-ref>
		<security-role-ref>
			<role-name>user</role-name>
		</security-role-ref>
	</portlet>
	<portlet>
		<portlet-name>add-training</portlet-name>
		<display-name>Add Training</display-name>
		<portlet-class>com.dylan.addtraining.AddTraining</portlet-class>
		<init-param>
			<name>view-template</name>
			<value>/html/addtraining/view.jsp</value>
		</init-param>
		<init-param>
			<name>add-process-action-success-action</name>
			<value>false</value>
		</init-param>
		<expiration-cache>0</expiration-cache>
		<supports>
			<mime-type>text/html</mime-type>
			<portlet-mode>view</portlet-mode>
		</supports>
		<portlet-info>
			<title>Add Training</title>
			<short-title>Add Training</short-title>
			<keywords></keywords>
		</portlet-info>
		<security-role-ref>
			<role-name>administrator</role-name>
		</security-role-ref>
		<security-role-ref>
			<role-name>guest</role-name>
		</security-role-ref>
		<security-role-ref>
			<role-name>power-user</role-name>
		</security-role-ref>
		<security-role-ref>
			<role-name>user</role-name>
		</security-role-ref>
	</portlet>
	<portlet>
		<portlet-name>my-account-educator</portlet-name>
		<display-name>My Account Educator</display-name>
		<portlet-class>com.dylan.myaccounteducator.MyAccountEducator</portlet-class>
		<init-param>
			<name>view-template</name>
			<value>/html/myaccounteducator/view.jsp</value>
		</init-param>
		<init-param>
			<name>add-process-action-success-action</name>
			<value>false</value>
		</init-param>
		<expiration-cache>0</expiration-cache>
		<supports>
			<mime-type>text/html</mime-type>
			<portlet-mode>view</portlet-mode>
		</supports>
		<portlet-info>
			<title>My Account Educator</title>
			<short-title>My Account Educator</short-title>
			<keywords></keywords>
		</portlet-info>
		<security-role-ref>
			<role-name>administrator</role-name>
		</security-role-ref>
		<security-role-ref>
			<role-name>guest</role-name>
		</security-role-ref>
		<security-role-ref>
			<role-name>power-user</role-name>
		</security-role-ref>
		<security-role-ref>
			<role-name>user</role-name>
		</security-role-ref>
	</portlet>
	<portlet>
		<portlet-name>actionrecruitment</portlet-name>
		<display-name>Actionrecruitment</display-name>
		<portlet-class>com.huy.recruitment.Actionrecruitment</portlet-class>
		<init-param>
			<name>view-template</name>
			<value>/html/actionrecruitment/view.jsp</value>
		</init-param>
		<expiration-cache>0</expiration-cache>
		<supports>
			<mime-type>text/html</mime-type>
			<portlet-mode>view</portlet-mode>
		</supports>
		<portlet-info>
			<title>Actionrecruitment</title>
			<short-title>Actionrecruitment</short-title>
			<keywords></keywords>
		</portlet-info>
		<security-role-ref>
			<role-name>administrator</role-name>
		</security-role-ref>
		<security-role-ref>
			<role-name>guest</role-name>
		</security-role-ref>
		<security-role-ref>
			<role-name>power-user</role-name>
		</security-role-ref>
		<security-role-ref>
			<role-name>user</role-name>
		</security-role-ref>
	</portlet>
	<portlet>
		<portlet-name>student-management</portlet-name>
		<display-name>Student Management</display-name>
		<portlet-class>com.dylan.studentmanagement.StudentManagement</portlet-class>
		<init-param>
			<name>view-template</name>
			<value>/html/studentmanagement/view.jsp</value>
		</init-param>
		<init-param>
			<name>add-process-action-success-action</name>
			<value>false</value>
		</init-param>
		<expiration-cache>0</expiration-cache>
		<supports>
			<mime-type>text/html</mime-type>
			<portlet-mode>view</portlet-mode>
		</supports>
		<portlet-info>
			<title>Student Management</title>
			<short-title>Student Management</short-title>
			<keywords></keywords>
		</portlet-info>
		<security-role-ref>
			<role-name>administrator</role-name>
		</security-role-ref>
		<security-role-ref>
			<role-name>guest</role-name>
		</security-role-ref>
		<security-role-ref>
			<role-name>power-user</role-name>
		</security-role-ref>
		<security-role-ref>
			<role-name>user</role-name>
		</security-role-ref>
	</portlet>
	<portlet>
		<portlet-name>listener-educator-user</portlet-name>
		<display-name>Listener Educator User</display-name>
		<portlet-class>com.dylan.listenereducatoruser.ListenerEducatorUser</portlet-class>
		<init-param>
			<name>view-template</name>
			<value>/html/listenereducatoruser/view.jsp</value>
		</init-param>
		<expiration-cache>0</expiration-cache>
		<supports>
			<mime-type>text/html</mime-type>
			<portlet-mode>view</portlet-mode>
		</supports>
		<portlet-info>
			<title>Listener Educator User</title>
			<short-title>Listener Educator User</short-title>
			<keywords></keywords>
		</portlet-info>
		<security-role-ref>
			<role-name>administrator</role-name>
		</security-role-ref>
		<security-role-ref>
			<role-name>guest</role-name>
		</security-role-ref>
		<security-role-ref>
			<role-name>power-user</role-name>
		</security-role-ref>
		<security-role-ref>
			<role-name>user</role-name>
		</security-role-ref>
	</portlet>
	<portlet>
		<portlet-name>accept-user-register-request</portlet-name>
		<display-name>Accept User Register Request</display-name>
		<portlet-class>com.dylan.acceptuserregisterrequest.AcceptUserRegisterRequest</portlet-class>
		<init-param>
			<name>view-template</name>
			<value>/html/acceptuserregisterrequest/view.jsp</value>
		</init-param>
		<init-param>
			<name>add-process-action-success-action</name>
			<value>false</value>
		</init-param>
		<expiration-cache>0</expiration-cache>
		<supports>
			<mime-type>text/html</mime-type>
			<portlet-mode>view</portlet-mode>
		</supports>
		<portlet-info>
			<title>Accept User Register Request</title>
			<short-title>Accept User Register Request</short-title>
			<keywords></keywords>
		</portlet-info>
		<security-role-ref>
			<role-name>administrator</role-name>
		</security-role-ref>
		<security-role-ref>
			<role-name>guest</role-name>
		</security-role-ref>
		<security-role-ref>
			<role-name>power-user</role-name>
		</security-role-ref>
		<security-role-ref>
			<role-name>user</role-name>
		</security-role-ref>
	</portlet>
	<portlet>
		<portlet-name>followof-employer</portlet-name>
		<display-name>Followof Employer</display-name>
		<portlet-class>com.huy.follow.FollowofEmployer</portlet-class>
		<init-param>
			<name>view-template</name>
			<value>/html/followofemployer/view.jsp</value>
		</init-param>
		<expiration-cache>0</expiration-cache>
		<supports>
			<mime-type>text/html</mime-type>
			<portlet-mode>view</portlet-mode>
		</supports>
		<portlet-info>
			<title>Followof Employer</title>
			<short-title>Followof Employer</short-title>
			<keywords></keywords>
		</portlet-info>
		<security-role-ref>
			<role-name>administrator</role-name>
		</security-role-ref>
		<security-role-ref>
			<role-name>guest</role-name>
		</security-role-ref>
		<security-role-ref>
			<role-name>power-user</role-name>
		</security-role-ref>
		<security-role-ref>
			<role-name>user</role-name>
		</security-role-ref>
	</portlet>
	<portlet>
		<portlet-name>mail</portlet-name>
		<display-name>Mail</display-name>
		<portlet-class>com.huy.mail.mail</portlet-class>
		<init-param>
			<name>view-template</name>
			<value>/html/mail/view.jsp</value>
		</init-param>
		<expiration-cache>0</expiration-cache>
		<supports>
			<mime-type>text/html</mime-type>
			<portlet-mode>view</portlet-mode>
		</supports>
		<portlet-info>
			<title>Mail</title>
			<short-title>Mail</short-title>
			<keywords></keywords>
		</portlet-info>
		<security-role-ref>
			<role-name>administrator</role-name>
		</security-role-ref>
		<security-role-ref>
			<role-name>guest</role-name>
		</security-role-ref>
		<security-role-ref>
			<role-name>power-user</role-name>
		</security-role-ref>
		<security-role-ref>
			<role-name>user</role-name>
		</security-role-ref>
	</portlet>
	<portlet>
		<portlet-name>acc-recruitment</portlet-name>
		<display-name>Acc Recruitment</display-name>
		<portlet-class>com.huy.accRecruitment.AccRecruitment</portlet-class>
		<init-param>
			<name>view-template</name>
			<value>/html/accrecruitment/view.jsp</value>
		</init-param>
		<expiration-cache>0</expiration-cache>
		<supports>
			<mime-type>text/html</mime-type>
			<portlet-mode>view</portlet-mode>
		</supports>
		<portlet-info>
			<title>Acc Recruitment</title>
			<short-title>Acc Recruitment</short-title>
			<keywords></keywords>
		</portlet-info>
		<security-role-ref>
			<role-name>administrator</role-name>
		</security-role-ref>
		<security-role-ref>
			<role-name>guest</role-name>
		</security-role-ref>
		<security-role-ref>
			<role-name>power-user</role-name>
		</security-role-ref>
		<security-role-ref>
			<role-name>user</role-name>
		</security-role-ref>
	</portlet>
	<portlet>
		<portlet-name>registed</portlet-name>
		<display-name>Registed</display-name>
		<portlet-class>com.huy.registed.Registed</portlet-class>
		<init-param>
			<name>view-template</name>
			<value>/html/registed/view.jsp</value>
		</init-param>
		<expiration-cache>0</expiration-cache>
		<supports>
			<mime-type>text/html</mime-type>
			<portlet-mode>view</portlet-mode>
		</supports>
		<portlet-info>
			<title>Registed</title>
			<short-title>Registed</short-title>
			<keywords></keywords>
		</portlet-info>
		<security-role-ref>
			<role-name>administrator</role-name>
		</security-role-ref>
		<security-role-ref>
			<role-name>guest</role-name>
		</security-role-ref>
		<security-role-ref>
			<role-name>power-user</role-name>
		</security-role-ref>
		<security-role-ref>
			<role-name>user</role-name>
		</security-role-ref>
	</portlet>
</portlet-app>