<?xml version="1.0"?>
<!DOCTYPE service-builder PUBLIC "-//Liferay//DTD Service Builder 6.2.0//EN" "http://www.liferay.com/dtd/liferay-service-builder_6_2_0.dtd">

<service-builder package-path="com.portlets.action">
	<author>Computer</author>
	<namespace>NewSocial</namespace>
	<!-- Educator -->
	<entity name="Educator" local-service="true" remote-service="true" table="NewSocial_Educator">
		<column name="educatorId" type="long" primary="true"></column>
		<column name="educatorName" type="String"></column>
		<column name="educatorAddress" type="String"></column>
		<column name="educatorEmail" type="String"></column>
		<column name="educatorPhone" type="String"></column>
		<column name="educatorIntroduce" type="String"></column>
		<column name="euducatorAchievements" type="String"></column>
		<column name="educatorLogoName" type="String"></column>
		<column name="educatorLogo" type="Blob"></column>
		<!-- relationship -->
		<column name="TrainingProgram" type="Collection" entity="TrainingProgram"></column>
		<column name="Course" type="Collection" entity="Course"></column>
		<column name="userObjectId" type="Collection" entity="UserObject" mapping-table="UserObject_Educator"></column>
		<!-- finder -->
		<finder return-type="Educator" name="EducatorId">
			<finder-column name="educatorId"></finder-column>
		</finder>
		<finder return-type="Collection" name="EducatorName">
			<finder-column name="educatorName"></finder-column>
		</finder>
		<finder return-type="Collection" name="EducatorEmail">
			<finder-column name="educatorEmail"></finder-column>
		</finder>
		<finder return-type="Collection" name="EducatorAddress">
			<finder-column name="educatorAddress"></finder-column>
		</finder>
	</entity>
	<!-- Course -->
	<entity name="Course" local-service="true" remote-service="true" table="NewSocial_Course">
		<column name="courseId" type="long" primary="true"></column>
		<column name="courseName" type="String"></column>
		<column name="courseStudentNo" type="int"></column>
		<column name="courseStartDate" type="Date"></column>
		<column name="courseEnrollStartDate" type="Date"></column>
		<column name="courseSchoolDay" type="String"></column>
		<column name="courseEnrollDeadLine" type="Date"></column>
		<column name="statesId" type="long"></column>
		<column name="trainingProgramId" type="long"></column>
		<column name="educatorId" type="long"></column>
		<!-- relationship -->
		<column name="RegisterCourse" type="Collection" entity="RegisterCourse"></column>
		<column name="LinkUserCourse" type="Collection" entity="LinkUserCourse"></column>
		<column name="userObjectId" type="Collection" entity="UserObject" mapping-table="UserObject_Course"></column>
		<!-- finder -->
		<finder return-type="Course" name="CourseId">
			<finder-column name="courseId"></finder-column>
		</finder>
		<finder return-type="Collection" name="CourseName">
			<finder-column name="courseName"></finder-column>
		</finder>
		<finder return-type="Collection" name="trainingProgramId">
			<finder-column name="trainingProgramId"></finder-column>
		</finder>
		<finder return-type="Collection" name="statesId">
			<finder-column name="statesId"></finder-column>
		</finder>
	</entity>
	<!-- RegisterCourse -->
	<entity name="RegisterCourse" table="NewSocial_RegisterCourse" local-service="true" remote-service="true">
		<column name="courseId" type="long" primary="true"></column>
		<column name="userObjectId" type="long" primary="true"></column>
		<column name="statesId" type="long"></column>
		<finder return-type="Collection" name="statesId">
			<finder-column name="statesId"></finder-column>
		</finder>
		<finder return-type="Collection" name="courseId">
			<finder-column name="courseId"></finder-column>
		</finder>
		<finder return-type="Collection" name="userObjectId">
			<finder-column name="userObjectId"></finder-column>
		</finder>
	</entity>
	<!-- TrainingProgram -->
	<entity name="TrainingProgram" local-service="true" remote-service="true" table="NewSocial_TrainingProgram">
		<column name="trainingProgramId" type="long" primary="true"></column>
		<column name="trainingProgramName" type="String"></column>
		<column name="trainingProgramPeriod" type="String"></column>
		<column name="trainingProgramPurpose" type="String"></column>
		<column name="trainingProgramDiploma" type="String"></column>
		<column name="trainingProgramFee" type="double"></column>
		<column name="trainingProgramItems" type="String"></column>
		<column name="trainingProgramContent" type="String"></column>
		<column name="trainingProgramDescription" type="String"></column>
		<column name="educatorId" type="long"></column>
		<!-- relationship -->
		<column name="Course" type="Collection" entity="Course"></column>
		<column name="LinkUserTrainingProgram" type="Collection" entity="LinkUserTrainingProgram"></column>
		<!-- relationship -->
		<column name="skillId" type="Collection" entity="Skill" mapping-table="TrainingProgram_Skill"></column>
		<!-- finder -->
		<finder return-type="Collection" name="EducatorId">
			<finder-column name="educatorId"></finder-column>
		</finder>
		<finder return-type="Collection" name="trainingProgramName">
			<finder-column name="trainingProgramName"></finder-column>
		</finder>
	</entity>
	<!-- LinkUserCourse -->
	<entity name="LinkUserCourse" table="NewSocial_LinkUserCourse" local-service="true" remote-service="true">
		<column name="userObjectId" type="long" primary="true"></column>
		<column name="courseId" type="long" primary="true"></column>
		<column name="linkUserCourseNo" type="int"></column>
		<finder return-type="Collection" name="userObjectId">
			<finder-column name="userObjectId"></finder-column>
		</finder>
		<finder return-type="Collection" name="courseId">
			<finder-column name="courseId"></finder-column>
		</finder>
		<finder return-type="Collection" name="linkUserCourseNo">
			<finder-column name="linkUserCourseNo"></finder-column>
		</finder>
	</entity>
	<!-- Skill -->
	<entity name="Skill" local-service="true" remote-service="true" table="NewSocial_Skill">
		<column name="skillId" type="long" primary="true" id-type="increment"></column>
		<column name="skillName" type="String"></column>
		<column name="skillExplain" type="String"></column>
		<column name="skillAncestor" type="long"></column>
		<!-- relationship -->
		<column name="trainingProgramId" type="Collection" entity="TrainingProgram" mapping-table="TrainingProgram_Skill"></column>
		<column name="recruitmentId" type="Collection" entity="Recruitment" mapping-table="Recruitment_Skill"></column>
		<column name="UserSkillLevels" type="Collection" entity="UserSkillLevels"></column>
		<column name="UserSkillListener" type="Collection" entity="UserSkillListener"></column>
		<!-- finder -->
		<finder return-type="Collection" name="skillAncestor">
			<finder-column name="skillAncestor"></finder-column>
		</finder>
		<finder return-type="Skill" name="SkillName">
			<finder-column name="skillName"></finder-column>
		</finder>
	</entity>
	<!-- UserObject -->
	<entity name="UserObject" local-service="true" remote-service="true" table="NewSocial_UserObject">
		<column name="userObjectId" type="long" primary="true"></column>
		<column name="userObjectName" type="String"></column>
		<column name="userObjectGender" type="boolean"></column>
		<column name="userObjectAddress" type="String"></column>
		<column name="userObjectBirthday" type="Date"></column>
		<column name="userObjectEmail" type="String"></column>
		<column name="userObjectPhone" type="String"></column>
		<column name="userObjectIntroduce" type="String"></column>
		<!-- relationship -->
		<column name="educatorId" type="Collection" entity="Educator" mapping-table="UserObject_Educator"></column>
		<column name="courseId" type="Collection" entity="Course" mapping-table="UserObject_Course"></column>
		<column name="employerId" type="Collection" entity="Employer" mapping-table="UserObject_Employer"></column>
		<column name="employerInfoId" type="Collection" entity="Recruitment" mapping-table="UserObject_Recruitment"></column>
		<column name="ExperienceUsers" type="Collection" entity="ExperienceUsers"></column>
		<column name="EducationUsers" type="Collection" entity="EducationUsers"></column>
		<column name="UserSkillLevels" type="Collection" entity="UserSkillLevels"></column>
		<column name="UserSkillListener" type="Collection" entity="UserSkillListener"></column>
		<column name="LinkUserCourse" type="Collection" entity="LinkUserCourse"></column>
		<column name="LinkUserRecruitment" type="Collection" entity="LinkUserRecruitment"></column>
		<column name="RegisterCourse" type="Collection" entity="RegisterCourse"></column>
		<column name="RegisterRecruitment" type="Collection" entity="RegisterRecruitment"></column>
		<!-- finder -->
		<finder return-type="UserObject" name="UserObjectId">
			<finder-column name="userObjectId"></finder-column>
		</finder>
		<finder return-type="Collection" name="UserObjectName">
			<finder-column name="userObjectName"></finder-column>
		</finder>
	</entity>
	<!-- Level -->
	<entity name="Level" local-service="true" remote-service="true" table="NewSocial_Level">
		<column name="levelId" type="long" primary="true" id-type="increment"></column>
		<column name="levelName" type="String"></column>
		<column name="levelExplain" type="String"></column>
		<!-- relationship -->
		<column name="userSkillLevels" type="Collection" entity="UserSkillLevel"></column>
		<!-- finder -->
		<finder return-type="Level" name="levelId">
			<finder-column name="levelId"></finder-column>
		</finder>
		<finder return-type="Collection" name="levelName">
			<finder-column name="levelName"></finder-column>
		</finder>
	</entity>
	<!-- States -->
	<entity name="States" local-service="true" remote-service="true" table="NewSocial_States">
		<column name="statesId" type="long" primary="true" id-type="increment"></column>
		<column name="statesName" type="String"></column>
		<column name="statesExplain" type="String"></column>
		<!-- relationship -->
		<column name="course" type="Collection" entity="Course"></column>
		<column name="Recruitment" type="Collection" entity="Recruitment"></column>
		<column name="RegisterCourse" type="Collection" entity="RegisterCourse"></column>
		<column name="RegisterRecruitment" type="Collection" entity="RegisterRecruitment"></column>
		<!-- finder -->
		<finder return-type="States" name="statesId">
			<finder-column name="statesId"></finder-column>
		</finder>
		<finder return-type="Collection" name="statesName">
			<finder-column name="statesName"></finder-column>
		</finder>
	</entity>
	<!-- UserSkillLevel -->
	<entity name="UserSkillLevel" local-service="true" remote-service="true" table="NewSocial_UserSkillLevel">
		<column name="userObjectId" type="long" primary="true"></column>
		<column name="skillId" type="long" primary="true"></column>
		<column name="levelId" type="long"></column>
		<!-- finder -->
		<finder return-type="Collection" name="LevelId">
			<finder-column name="levelId"></finder-column>
		</finder>
		<finder return-type="Collection" name="SkillId">
			<finder-column name="skillId"></finder-column>
		</finder>
		<finder return-type="Collection" name="UserObjectId">
			<finder-column name="userObjectId"></finder-column>
		</finder>
	</entity>
	<!-- UserSkillListener -->
	<entity name="UserSkillListener" local-service="true" remote-service="true" table="NewSocial_UserSkillListener">
		<column name="userObjectId" type="long" primary="true"></column>
		<column name="skillId" type="long" primary="true"></column>
		<!-- finder -->
		<finder return-type="Collection" name="SkillId">
			<finder-column name="skillId"></finder-column>
		</finder>
		<finder return-type="Collection" name="UserObjectId">
			<finder-column name="userObjectId"></finder-column>
		</finder>
	</entity>
	<!-- ExperienceUsers -->
	<entity name="ExperienceUsers" table="NewSocial_ExperienceUsers" local-service="true" remote-service="true">
		<column name="experienceUsersId" type="long" primary="true" id-type="increment"></column>
		<column name="experienceUsersJob" type="String"></column>
		<column name="experienceUsersCompany" type="String"></column>
		<column name="experienceUsersDateStart" type="Date"></column>
		<column name="experienceUsersDateFinish" type="Date"></column>
		<column name="experienceUsersDescription" type="String"></column>
		<column name="userObjectId" type="long"></column>
		<!-- finder -->
		<finder return-type="Collection" name="experienceUsersId">
			<finder-column name="experienceUsersId"></finder-column>
		</finder>
		<finder return-type="Collection" name="userObjectId">
			<finder-column name="userObjectId"></finder-column>
		</finder>
	</entity>
	<!-- EducationUsers -->
	<entity name="EducationUsers" table="NewSocial_EducationUsers" local-service="true" remote-service="true">
		<column name="educationUsersId" type="long" primary="true" id-type="increment"></column>
		<column name="educationUsersSchool" type="String"></column>
		<column name="educationUsersMajor" type="String"></column>
		<column name="educationUsersDateStart" type="Date"></column>
		<column name="educationUsersDateFinish" type="Date"></column>
		<column name="educationUsersDegree" type="String"></column>
		<column name="educationUsersDescription" type="String"></column>
		<column name="userObjectId" type="long"></column>
		<!-- finder -->
		<finder return-type="Collection" name="educationUsersId">
			<finder-column name="educationUsersId"></finder-column>
		</finder>
		<finder return-type="Collection" name="userObjectId">
			<finder-column name="userObjectId"></finder-column>
		</finder>
	</entity>
	<!-- LinkUsers -->
	<entity name="LinkUsers" table="NewSocial_LinkUsers" local-service="true" remote-service="true">
		<column name="userIdA" type="long" primary="true"></column>
		<column name="userIdB" type="long" primary="true"></column>
		<column name="linkUsersNumber" type="int"></column>
		<finder return-type="Collection" name="userIdA">
			<finder-column name="userIdA"></finder-column>
		</finder>
		<finder return-type="Collection" name="userIdB">
			<finder-column name="userIdB"></finder-column>
		</finder>
		<finder return-type="Collection" name="linkUsersNumber">
			<finder-column name="linkUsersNumber"></finder-column>
		</finder>
	</entity>
	<!-- Employer -->
	<entity name="Employer" local-service="true" remote-service="true" table="NewSocial_Employer">
		<column name="employerId" type="long" primary="true"></column>
		<column name="employerName" type="String"></column>
		<column name="employerAddress" type="String"></column>
		<column name="employerEmail" type="String"></column>
		<column name="employerPhone" type="String"></column>
		<column name="employerIntroduce" type="String"></column>
		<column name="employerAchievements" type="String"></column>
		<column name="employerLogoName" type="String"></column>
		<column name="employerLogo" type="Blob"></column>
		<!-- relationship -->
		<column name="Recruitment" type="Collection" entity="Recruitment"></column>
		<column name="userObjectId" type="Collection" entity="UserObject" mapping-table="UserObject_Employer"></column>
		<!-- finder -->
		<finder return-type="Employer" name="EmployerId">
			<finder-column name="employerId"></finder-column>
		</finder>
		<finder return-type="Collection" name="EmployerName">
			<finder-column name="employerName"></finder-column>
		</finder>
	</entity>
	<!-- Recruitment -->
	<entity name="Recruitment" local-service="true" remote-service="true" table="NewSocial_Recruitment">
		<column name="recruitmentId" type="long" primary="true"></column>
		<column name="recruitmentName" type="String"></column>
		<column name="recruitmentPosition" type="String"></column>
		<column name="recruitmentDescription" type="String"></column>
		<column name="recruitmentBenefit" type="String"></column>
		<column name="recruitmentJobType" type="String"></column>
		<column name="recruitmentFileReq" type="String"></column>
		<column name="recruitmentFileDeadlineFrom" type="Date"></column>
		<column name="recruitmentFileDeadlineTo" type="Date"></column>
		<column name="recruitmentSalary" type="String"></column>
		<column name="recruitmentNo" type="int"></column>
		<column name="recruitmentGender" type="String"></column>
		<column name="recruitmentQualification" type="String"></column>
		<column name="recruitmentAgeFrom" type="int"></column>
		<column name="recruitmentAgeTo" type="int"></column>
		<column name="recruitmentExper" type="String"></column>
		<column name="employerId" type="long"></column>
		<column name="statesId" type="long"></column>
		<!-- relationship -->
		<column name="userObjectId" type="Collection" entity="UserObject" mapping-table="UserObject_Recruitment"></column>
		<column name="skillId" type="Collection" entity="Skill" mapping-table="Recruitment_Skill"></column>
		<column name="LinkUserRecruitment" type="Collection" entity="LinkUserRecruitment"></column>
		<column name="RegisterRecruitment" type="Collection" entity="RegisterRecruitment"></column>
		<!-- finder -->
		<finder return-type="Collection" name="EmployerId">
			<finder-column name="employerId"></finder-column>
		</finder>
		<finder return-type="Recruitment" name="recruitmentId">
			<finder-column name="recruitmentId"></finder-column>
		</finder>
		<finder return-type="Collection" name="statesId">
			<finder-column name="statesId"></finder-column>
		</finder>
	</entity>
	<!-- LinkUserRecruitment -->
	<entity name="LinkUserRecruitment" table="NewSocial_LinkUserRecruitment" local-service="true" remote-service="true">
		<column name="recruitmentId" type="long" primary="true"></column>
		<column name="userObjectId" type="long" primary="true"></column>
		<column name="linkUserRecruitmentNo" type="int"></column>
		<finder return-type="Collection" name="userObjectId">
			<finder-column name="userObjectId"></finder-column>
		</finder>
		<finder return-type="Collection" name="recuitmentId">
			<finder-column name="recruitmentId"></finder-column>
		</finder>
		<finder return-type="Collection" name="linkUserRecuitmentNo">
			<finder-column name="linkUserRecruitmentNo"></finder-column>
		</finder>
	</entity>
	<!-- RegisterRecruitment -->
	<entity name="RegisterRecruitment" table="NewSocial_RegisterRecruitment" local-service="true" remote-service="true">
		<column name="recruitmentId" type="long" primary="true"></column>
		<column name="userObjectId" type="long" primary="true"></column>
		<column name="statesId" type="long"></column>
		<finder return-type="Collection" name="statesId">
			<finder-column name="statesId"></finder-column>
		</finder>
		<finder return-type="Collection" name="recruitmentId">
			<finder-column name="recruitmentId"></finder-column>
		</finder>
		<finder return-type="Collection" name="userObjectId">
			<finder-column name="userObjectId"></finder-column>
		</finder>
		<finder return-type="RegisterRecruitment" name="RecruitmentId_UserId">
			<finder-column name="recruitmentId"></finder-column>
			<finder-column name="userObjectId"></finder-column>
		</finder>
	</entity>
</service-builder>