<?xml version="1.0"?>
<beans
    default-destroy-method="destroy"
    default-init-method="afterPropertiesSet"
    xmlns="http://www.springframework.org/schema/beans"
    xmlns:xsi="http://www.w3.org/2001/XMLSchema-instance"
    xsi:schemaLocation="http://www.springframework.org/schema/beans
     http://www.springframework.org/schema/beans/spring-beans-3.0.xsd">
    <!-- Listeners -->
    
    <!-- Educator - UserObject -->
    <bean id="messageListener.educator_usesrObject_listener" 
    		class="com.dylan.messagebus.listenerImp.UserObjectMessagingListenerImpl_2" />
    		
    <bean id="messageLister.educator_userObject.respone" 
    		class="com.dylan.messagebus.listenerImp.EducatorAcceptResponeImpl"/>
    		
    <!-- Employer - UserObject -->
    <bean id="messageListener.employer_usesrObject_listener" 
    		class="com.dylan.messagebus.listenerImp.UserObject_EmployerMessagingListenerImpl" />
    		
     <bean id="messageListener.registed_userObject_listener" 
    		class="com.dylan.messagebus.listenerImp.RegistedUserListenerImpl" />
    
    
    <!-- Destinations -->
    
    <!-- Educator - UserObject -->
    <bean id="messageListener.educator_usesrObject.destination" 
    		class="com.liferay.portal.kernel.messaging.ParallelDestination">
    	<property name="name" value="messageListener/educator_usesrObject/destination" />
    </bean>
    
    <bean id="messageListener.educator_usesrObject.respone"
    		class="com.liferay.portal.kernel.messaging.ParallelDestination">
    	<property name="name" value="messageListener/educator_usesrObject/respone" />
    </bean>
    
    <!-- Employer - UserObject -->
     <bean id="messageListener.employer_usesrObject.destination" 
    		class="com.liferay.portal.kernel.messaging.ParallelDestination">
    	<property name="name" value="messageListener/employer_usesrObject/destination" />
    </bean>
    
    <bean id="messageListener.registed_usesrObject.destination" 
    		class="com.liferay.portal.kernel.messaging.ParallelDestination">
    	<property name="name" value="messageListener/registed_userObject/destination" />
    </bean>
    
    
    <!-- Configuration -->
    <bean id="messagingConfigurator" class="com.liferay.portal.kernel.messaging.config.PluginMessagingConfigurator">
        <property name="messageListeners">
            <map key-type="java.lang.String" value-type="java.util.List">
            
                <entry key="messageListener/educator_usesrObject/destination">
                    <list value-type="com.liferay.portal.kernel.messaging.MessageListener">
                        <ref bean="messageListener.educator_usesrObject_listener" /> 
                    </list>
                </entry>
                
                <entry key="messageListener/educator_usesrObject/respone">
                    <list value-type="com.liferay.portal.kernel.messaging.MessageListener">
                        <ref bean="messageLister.educator_userObject.respone" /> 
                    </list>
                </entry>
                
                <entry key="messageListener/employer_usesrObject/destination">
                    <list value-type="com.liferay.portal.kernel.messaging.MessageListener">
                        <ref bean="messageListener.employer_usesrObject_listener" /> 
                    </list>
                </entry>
                
                <entry key="messageListener/registed_userObject/destination">
                    <list value-type="com.liferay.portal.kernel.messaging.MessageListener">
                        <ref bean="messageListener.registed_userObject_listener" /> 
                    </list>
                </entry>
                
            </map>
        </property>
        <property name="destinations">
            <list>
                <ref bean="messageListener.educator_usesrObject.destination"/>
                <ref bean="messageListener.educator_usesrObject.respone"/>
                <ref bean="messageListener.employer_usesrObject.destination"/>
                 <ref bean="messageListener.registed_usesrObject.destination"/>
            </list>
        </property>
    </bean>
    
</beans>