<?xml version="1.0"?>
<!DOCTYPE hibernate-mapping PUBLIC "-//Hibernate/Hibernate Mapping DTD 3.0//EN" "http://hibernate.sourceforge.net/hibernate-mapping-3.0.dtd">

<hibernate-mapping default-lazy="false" auto-import="false">
	<import class="com.portlets.action.model.Course" />
	<import class="com.portlets.action.model.EducationUsers" />
	<import class="com.portlets.action.model.Educator" />
	<import class="com.portlets.action.model.Employer" />
	<import class="com.portlets.action.model.ExperienceUsers" />
	<import class="com.portlets.action.model.Level" />
	<import class="com.portlets.action.model.LinkUserCourse" />
	<import class="com.portlets.action.model.LinkUserRecruitment" />
	<import class="com.portlets.action.model.LinkUsers" />
	<import class="com.portlets.action.model.Recruitment" />
	<import class="com.portlets.action.model.RegisterCourse" />
	<import class="com.portlets.action.model.RegisterRecruitment" />
	<import class="com.portlets.action.model.Skill" />
	<import class="com.portlets.action.model.States" />
	<import class="com.portlets.action.model.TrainingProgram" />
	<import class="com.portlets.action.model.UserObject" />
	<import class="com.portlets.action.model.UserSkillLevel" />
	<import class="com.portlets.action.model.UserSkillListener" />
	<class name="com.portlets.action.model.impl.CourseImpl" table="NewSocial_Course">
		<cache usage="read-write" />
		<id name="courseId" type="long">
			<generator class="assigned" />
		</id>
		<property name="courseName" type="com.liferay.portal.dao.orm.hibernate.StringType" />
		<property name="courseStudentNo" type="com.liferay.portal.dao.orm.hibernate.IntegerType" />
		<property name="courseStartDate" type="org.hibernate.type.TimestampType" />
		<property name="courseEnrollStartDate" type="org.hibernate.type.TimestampType" />
		<property name="courseSchoolDay" type="com.liferay.portal.dao.orm.hibernate.StringType" />
		<property name="courseEnrollDeadLine" type="org.hibernate.type.TimestampType" />
		<property name="statesId" type="com.liferay.portal.dao.orm.hibernate.LongType" />
		<property name="trainingProgramId" type="com.liferay.portal.dao.orm.hibernate.LongType" />
		<property name="educatorId" type="com.liferay.portal.dao.orm.hibernate.LongType" />
	</class>
	<class name="com.portlets.action.model.impl.EducationUsersImpl" table="NewSocial_EducationUsers">
		<cache usage="read-write" />
		<id name="educationUsersId" type="long">
			<generator class="increment" />
		</id>
		<property name="educationUsersSchool" type="com.liferay.portal.dao.orm.hibernate.StringType" />
		<property name="educationUsersMajor" type="com.liferay.portal.dao.orm.hibernate.StringType" />
		<property name="educationUsersDateStart" type="org.hibernate.type.TimestampType" />
		<property name="educationUsersDateFinish" type="org.hibernate.type.TimestampType" />
		<property name="educationUsersDegree" type="com.liferay.portal.dao.orm.hibernate.StringType" />
		<property name="educationUsersDescription" type="com.liferay.portal.dao.orm.hibernate.StringType" />
		<property name="userObjectId" type="com.liferay.portal.dao.orm.hibernate.LongType" />
	</class>
	<class name="com.portlets.action.model.impl.EducatorImpl" table="NewSocial_Educator">
		<cache usage="read-write" />
		<id name="educatorId" type="long">
			<generator class="assigned" />
		</id>
		<property name="educatorName" type="com.liferay.portal.dao.orm.hibernate.StringType" />
		<property name="educatorAddress" type="com.liferay.portal.dao.orm.hibernate.StringType" />
		<property name="educatorEmail" type="com.liferay.portal.dao.orm.hibernate.StringType" />
		<property name="educatorPhone" type="com.liferay.portal.dao.orm.hibernate.StringType" />
		<property name="educatorIntroduce" type="com.liferay.portal.dao.orm.hibernate.StringType" />
		<property name="euducatorAchievements" type="com.liferay.portal.dao.orm.hibernate.StringType" />
		<property name="educatorLogoName" type="com.liferay.portal.dao.orm.hibernate.StringType" />
		<one-to-one name="educatorLogoBlobModel" access="com.liferay.portal.dao.orm.hibernate.PrivatePropertyAccessor" class="com.portlets.action.model.EducatorEducatorLogoBlobModel" cascade="save-update" outer-join="false" constrained="true" />
	</class>
	<class name="com.portlets.action.model.EducatorEducatorLogoBlobModel" table="NewSocial_Educator" lazy="true">
		<id name="educatorId" column="educatorId">
			<generator class="foreign">
				<param name="property">com.portlets.action.model.impl.EducatorImpl</param>
			</generator>
		</id>
		<property column="educatorLogo" name="educatorLogoBlob" type="blob" />
	</class>
	<class name="com.portlets.action.model.impl.EmployerImpl" table="NewSocial_Employer">
		<cache usage="read-write" />
		<id name="employerId" type="long">
			<generator class="assigned" />
		</id>
		<property name="employerName" type="com.liferay.portal.dao.orm.hibernate.StringType" />
		<property name="employerAddress" type="com.liferay.portal.dao.orm.hibernate.StringType" />
		<property name="employerEmail" type="com.liferay.portal.dao.orm.hibernate.StringType" />
		<property name="employerPhone" type="com.liferay.portal.dao.orm.hibernate.StringType" />
		<property name="employerIntroduce" type="com.liferay.portal.dao.orm.hibernate.StringType" />
		<property name="employerAchievements" type="com.liferay.portal.dao.orm.hibernate.StringType" />
		<property name="employerLogoName" type="com.liferay.portal.dao.orm.hibernate.StringType" />
		<one-to-one name="employerLogoBlobModel" access="com.liferay.portal.dao.orm.hibernate.PrivatePropertyAccessor" class="com.portlets.action.model.EmployerEmployerLogoBlobModel" cascade="save-update" outer-join="false" constrained="true" />
	</class>
	<class name="com.portlets.action.model.EmployerEmployerLogoBlobModel" table="NewSocial_Employer" lazy="true">
		<id name="employerId" column="employerId">
			<generator class="foreign">
				<param name="property">com.portlets.action.model.impl.EmployerImpl</param>
			</generator>
		</id>
		<property column="employerLogo" name="employerLogoBlob" type="blob" />
	</class>
	<class name="com.portlets.action.model.impl.ExperienceUsersImpl" table="NewSocial_ExperienceUsers">
		<cache usage="read-write" />
		<id name="experienceUsersId" type="long">
			<generator class="increment" />
		</id>
		<property name="experienceUsersJob" type="com.liferay.portal.dao.orm.hibernate.StringType" />
		<property name="experienceUsersCompany" type="com.liferay.portal.dao.orm.hibernate.StringType" />
		<property name="experienceUsersDateStart" type="org.hibernate.type.TimestampType" />
		<property name="experienceUsersDateFinish" type="org.hibernate.type.TimestampType" />
		<property name="experienceUsersDescription" type="com.liferay.portal.dao.orm.hibernate.StringType" />
		<property name="userObjectId" type="com.liferay.portal.dao.orm.hibernate.LongType" />
	</class>
	<class name="com.portlets.action.model.impl.LevelImpl" table="NewSocial_Level">
		<cache usage="read-write" />
		<id name="levelId" type="long">
			<generator class="increment" />
		</id>
		<property name="levelName" type="com.liferay.portal.dao.orm.hibernate.StringType" />
		<property name="levelExplain" type="com.liferay.portal.dao.orm.hibernate.StringType" />
	</class>
	<class name="com.portlets.action.model.impl.LinkUserCourseImpl" table="NewSocial_LinkUserCourse">
		<cache usage="read-write" />
		<composite-id name="primaryKey" class="com.portlets.action.service.persistence.LinkUserCoursePK">
			<key-property name="userObjectId" type="com.liferay.portal.dao.orm.hibernate.LongType" />
			<key-property name="courseId" type="com.liferay.portal.dao.orm.hibernate.LongType" />
		</composite-id>
		<property name="linkUserCourseNo" type="com.liferay.portal.dao.orm.hibernate.IntegerType" />
	</class>
	<class name="com.portlets.action.model.impl.LinkUserRecruitmentImpl" table="NewSocial_LinkUserRecruitment">
		<cache usage="read-write" />
		<composite-id name="primaryKey" class="com.portlets.action.service.persistence.LinkUserRecruitmentPK">
			<key-property name="recruitmentId" type="com.liferay.portal.dao.orm.hibernate.LongType" />
			<key-property name="userObjectId" type="com.liferay.portal.dao.orm.hibernate.LongType" />
		</composite-id>
		<property name="linkUserRecruitmentNo" type="com.liferay.portal.dao.orm.hibernate.IntegerType" />
	</class>
	<class name="com.portlets.action.model.impl.LinkUsersImpl" table="NewSocial_LinkUsers">
		<cache usage="read-write" />
		<composite-id name="primaryKey" class="com.portlets.action.service.persistence.LinkUsersPK">
			<key-property name="userIdA" type="com.liferay.portal.dao.orm.hibernate.LongType" />
			<key-property name="userIdB" type="com.liferay.portal.dao.orm.hibernate.LongType" />
		</composite-id>
		<property name="linkUsersNumber" type="com.liferay.portal.dao.orm.hibernate.IntegerType" />
	</class>
	<class name="com.portlets.action.model.impl.RecruitmentImpl" table="NewSocial_Recruitment">
		<cache usage="read-write" />
		<id name="recruitmentId" type="long">
			<generator class="assigned" />
		</id>
		<property name="recruitmentName" type="com.liferay.portal.dao.orm.hibernate.StringType" />
		<property name="recruitmentPosition" type="com.liferay.portal.dao.orm.hibernate.StringType" />
		<property name="recruitmentDescription" type="com.liferay.portal.dao.orm.hibernate.StringType" />
		<property name="recruitmentBenefit" type="com.liferay.portal.dao.orm.hibernate.StringType" />
		<property name="recruitmentJobType" type="com.liferay.portal.dao.orm.hibernate.StringType" />
		<property name="recruitmentFileReq" type="com.liferay.portal.dao.orm.hibernate.StringType" />
		<property name="recruitmentFileDeadlineFrom" type="org.hibernate.type.TimestampType" />
		<property name="recruitmentFileDeadlineTo" type="org.hibernate.type.TimestampType" />
		<property name="recruitmentSalary" type="com.liferay.portal.dao.orm.hibernate.StringType" />
		<property name="recruitmentNo" type="com.liferay.portal.dao.orm.hibernate.IntegerType" />
		<property name="recruitmentGender" type="com.liferay.portal.dao.orm.hibernate.StringType" />
		<property name="recruitmentQualification" type="com.liferay.portal.dao.orm.hibernate.StringType" />
		<property name="recruitmentAgeFrom" type="com.liferay.portal.dao.orm.hibernate.IntegerType" />
		<property name="recruitmentAgeTo" type="com.liferay.portal.dao.orm.hibernate.IntegerType" />
		<property name="recruitmentExper" type="com.liferay.portal.dao.orm.hibernate.StringType" />
		<property name="employerId" type="com.liferay.portal.dao.orm.hibernate.LongType" />
		<property name="statesId" type="com.liferay.portal.dao.orm.hibernate.LongType" />
	</class>
	<class name="com.portlets.action.model.impl.RegisterCourseImpl" table="NewSocial_RegisterCourse">
		<cache usage="read-write" />
		<composite-id name="primaryKey" class="com.portlets.action.service.persistence.RegisterCoursePK">
			<key-property name="courseId" type="com.liferay.portal.dao.orm.hibernate.LongType" />
			<key-property name="userObjectId" type="com.liferay.portal.dao.orm.hibernate.LongType" />
		</composite-id>
		<property name="statesId" type="com.liferay.portal.dao.orm.hibernate.LongType" />
	</class>
	<class name="com.portlets.action.model.impl.RegisterRecruitmentImpl" table="NewSocial_RegisterRecruitment">
		<cache usage="read-write" />
		<composite-id name="primaryKey" class="com.portlets.action.service.persistence.RegisterRecruitmentPK">
			<key-property name="recruitmentId" type="com.liferay.portal.dao.orm.hibernate.LongType" />
			<key-property name="userObjectId" type="com.liferay.portal.dao.orm.hibernate.LongType" />
		</composite-id>
		<property name="statesId" type="com.liferay.portal.dao.orm.hibernate.LongType" />
	</class>
	<class name="com.portlets.action.model.impl.SkillImpl" table="NewSocial_Skill">
		<cache usage="read-write" />
		<id name="skillId" type="long">
			<generator class="increment" />
		</id>
		<property name="skillName" type="com.liferay.portal.dao.orm.hibernate.StringType" />
		<property name="skillExplain" type="com.liferay.portal.dao.orm.hibernate.StringType" />
		<property name="skillAncestor" type="com.liferay.portal.dao.orm.hibernate.LongType" />
	</class>
	<class name="com.portlets.action.model.impl.StatesImpl" table="NewSocial_States">
		<cache usage="read-write" />
		<id name="statesId" type="long">
			<generator class="increment" />
		</id>
		<property name="statesName" type="com.liferay.portal.dao.orm.hibernate.StringType" />
		<property name="statesExplain" type="com.liferay.portal.dao.orm.hibernate.StringType" />
	</class>
	<class name="com.portlets.action.model.impl.TrainingProgramImpl" table="NewSocial_TrainingProgram">
		<cache usage="read-write" />
		<id name="trainingProgramId" type="long">
			<generator class="assigned" />
		</id>
		<property name="trainingProgramName" type="com.liferay.portal.dao.orm.hibernate.StringType" />
		<property name="trainingProgramPeriod" type="com.liferay.portal.dao.orm.hibernate.StringType" />
		<property name="trainingProgramPurpose" type="com.liferay.portal.dao.orm.hibernate.StringType" />
		<property name="trainingProgramDiploma" type="com.liferay.portal.dao.orm.hibernate.StringType" />
		<property name="trainingProgramFee" type="com.liferay.portal.dao.orm.hibernate.DoubleType" />
		<property name="trainingProgramItems" type="com.liferay.portal.dao.orm.hibernate.StringType" />
		<property name="trainingProgramContent" type="com.liferay.portal.dao.orm.hibernate.StringType" />
		<property name="trainingProgramDescription" type="com.liferay.portal.dao.orm.hibernate.StringType" />
		<property name="educatorId" type="com.liferay.portal.dao.orm.hibernate.LongType" />
	</class>
	<class name="com.portlets.action.model.impl.UserObjectImpl" table="NewSocial_UserObject">
		<cache usage="read-write" />
		<id name="userObjectId" type="long">
			<generator class="assigned" />
		</id>
		<property name="userObjectName" type="com.liferay.portal.dao.orm.hibernate.StringType" />
		<property name="userObjectGender" type="com.liferay.portal.dao.orm.hibernate.BooleanType" />
		<property name="userObjectAddress" type="com.liferay.portal.dao.orm.hibernate.StringType" />
		<property name="userObjectBirthday" type="org.hibernate.type.TimestampType" />
		<property name="userObjectEmail" type="com.liferay.portal.dao.orm.hibernate.StringType" />
		<property name="userObjectPhone" type="com.liferay.portal.dao.orm.hibernate.StringType" />
		<property name="userObjectIntroduce" type="com.liferay.portal.dao.orm.hibernate.StringType" />
	</class>
	<class name="com.portlets.action.model.impl.UserSkillLevelImpl" table="NewSocial_UserSkillLevel">
		<cache usage="read-write" />
		<composite-id name="primaryKey" class="com.portlets.action.service.persistence.UserSkillLevelPK">
			<key-property name="userObjectId" type="com.liferay.portal.dao.orm.hibernate.LongType" />
			<key-property name="skillId" type="com.liferay.portal.dao.orm.hibernate.LongType" />
		</composite-id>
		<property name="levelId" type="com.liferay.portal.dao.orm.hibernate.LongType" />
	</class>
	<class name="com.portlets.action.model.impl.UserSkillListenerImpl" table="NewSocial_UserSkillListener">
		<cache usage="read-write" />
		<composite-id name="primaryKey" class="com.portlets.action.service.persistence.UserSkillListenerPK">
			<key-property name="userObjectId" type="com.liferay.portal.dao.orm.hibernate.LongType" />
			<key-property name="skillId" type="com.liferay.portal.dao.orm.hibernate.LongType" />
		</composite-id>
	</class>
</hibernate-mapping>