<?xml version="1.0"?>

<beans xmlns="http://www.springframework.org/schema/beans" xmlns:xsi="http://www.w3.org/2001/XMLSchema-instance" default-destroy-method="destroy" default-init-method="afterPropertiesSet" xsi:schemaLocation="http://www.springframework.org/schema/beans http://www.springframework.org/schema/beans/spring-beans-3.0.xsd">
	<bean id="com.portlets.action.service.CourseLocalService" class="com.portlets.action.service.impl.CourseLocalServiceImpl" />
	<bean id="com.portlets.action.service.CourseService" class="com.portlets.action.service.impl.CourseServiceImpl" />
	<bean id="com.portlets.action.service.persistence.CoursePersistence" class="com.portlets.action.service.persistence.CoursePersistenceImpl" parent="basePersistence" />
	<bean id="com.portlets.action.service.EducationUsersLocalService" class="com.portlets.action.service.impl.EducationUsersLocalServiceImpl" />
	<bean id="com.portlets.action.service.EducationUsersService" class="com.portlets.action.service.impl.EducationUsersServiceImpl" />
	<bean id="com.portlets.action.service.persistence.EducationUsersPersistence" class="com.portlets.action.service.persistence.EducationUsersPersistenceImpl" parent="basePersistence" />
	<bean id="com.portlets.action.service.EducatorLocalService" class="com.portlets.action.service.impl.EducatorLocalServiceImpl" />
	<bean id="com.portlets.action.service.EducatorService" class="com.portlets.action.service.impl.EducatorServiceImpl" />
	<bean id="com.portlets.action.service.persistence.EducatorPersistence" class="com.portlets.action.service.persistence.EducatorPersistenceImpl" parent="basePersistence" />
	<bean id="com.portlets.action.service.EmployerLocalService" class="com.portlets.action.service.impl.EmployerLocalServiceImpl" />
	<bean id="com.portlets.action.service.EmployerService" class="com.portlets.action.service.impl.EmployerServiceImpl" />
	<bean id="com.portlets.action.service.persistence.EmployerPersistence" class="com.portlets.action.service.persistence.EmployerPersistenceImpl" parent="basePersistence" />
	<bean id="com.portlets.action.service.ExperienceUsersLocalService" class="com.portlets.action.service.impl.ExperienceUsersLocalServiceImpl" />
	<bean id="com.portlets.action.service.ExperienceUsersService" class="com.portlets.action.service.impl.ExperienceUsersServiceImpl" />
	<bean id="com.portlets.action.service.persistence.ExperienceUsersPersistence" class="com.portlets.action.service.persistence.ExperienceUsersPersistenceImpl" parent="basePersistence" />
	<bean id="com.portlets.action.service.LevelLocalService" class="com.portlets.action.service.impl.LevelLocalServiceImpl" />
	<bean id="com.portlets.action.service.LevelService" class="com.portlets.action.service.impl.LevelServiceImpl" />
	<bean id="com.portlets.action.service.persistence.LevelPersistence" class="com.portlets.action.service.persistence.LevelPersistenceImpl" parent="basePersistence" />
	<bean id="com.portlets.action.service.LinkUserCourseLocalService" class="com.portlets.action.service.impl.LinkUserCourseLocalServiceImpl" />
	<bean id="com.portlets.action.service.LinkUserCourseService" class="com.portlets.action.service.impl.LinkUserCourseServiceImpl" />
	<bean id="com.portlets.action.service.persistence.LinkUserCoursePersistence" class="com.portlets.action.service.persistence.LinkUserCoursePersistenceImpl" parent="basePersistence" />
	<bean id="com.portlets.action.service.LinkUserRecruitmentLocalService" class="com.portlets.action.service.impl.LinkUserRecruitmentLocalServiceImpl" />
	<bean id="com.portlets.action.service.LinkUserRecruitmentService" class="com.portlets.action.service.impl.LinkUserRecruitmentServiceImpl" />
	<bean id="com.portlets.action.service.persistence.LinkUserRecruitmentPersistence" class="com.portlets.action.service.persistence.LinkUserRecruitmentPersistenceImpl" parent="basePersistence" />
	<bean id="com.portlets.action.service.LinkUsersLocalService" class="com.portlets.action.service.impl.LinkUsersLocalServiceImpl" />
	<bean id="com.portlets.action.service.LinkUsersService" class="com.portlets.action.service.impl.LinkUsersServiceImpl" />
	<bean id="com.portlets.action.service.persistence.LinkUsersPersistence" class="com.portlets.action.service.persistence.LinkUsersPersistenceImpl" parent="basePersistence" />
	<bean id="com.portlets.action.service.RecruitmentLocalService" class="com.portlets.action.service.impl.RecruitmentLocalServiceImpl" />
	<bean id="com.portlets.action.service.RecruitmentService" class="com.portlets.action.service.impl.RecruitmentServiceImpl" />
	<bean id="com.portlets.action.service.persistence.RecruitmentPersistence" class="com.portlets.action.service.persistence.RecruitmentPersistenceImpl" parent="basePersistence" />
	<bean id="com.portlets.action.service.RegisterCourseLocalService" class="com.portlets.action.service.impl.RegisterCourseLocalServiceImpl" />
	<bean id="com.portlets.action.service.RegisterCourseService" class="com.portlets.action.service.impl.RegisterCourseServiceImpl" />
	<bean id="com.portlets.action.service.persistence.RegisterCoursePersistence" class="com.portlets.action.service.persistence.RegisterCoursePersistenceImpl" parent="basePersistence" />
	<bean id="com.portlets.action.service.RegisterRecruitmentLocalService" class="com.portlets.action.service.impl.RegisterRecruitmentLocalServiceImpl" />
	<bean id="com.portlets.action.service.RegisterRecruitmentService" class="com.portlets.action.service.impl.RegisterRecruitmentServiceImpl" />
	<bean id="com.portlets.action.service.persistence.RegisterRecruitmentPersistence" class="com.portlets.action.service.persistence.RegisterRecruitmentPersistenceImpl" parent="basePersistence" />
	<bean id="com.portlets.action.service.SkillLocalService" class="com.portlets.action.service.impl.SkillLocalServiceImpl" />
	<bean id="com.portlets.action.service.SkillService" class="com.portlets.action.service.impl.SkillServiceImpl" />
	<bean id="com.portlets.action.service.persistence.SkillPersistence" class="com.portlets.action.service.persistence.SkillPersistenceImpl" parent="basePersistence" />
	<bean id="com.portlets.action.service.StatesLocalService" class="com.portlets.action.service.impl.StatesLocalServiceImpl" />
	<bean id="com.portlets.action.service.StatesService" class="com.portlets.action.service.impl.StatesServiceImpl" />
	<bean id="com.portlets.action.service.persistence.StatesPersistence" class="com.portlets.action.service.persistence.StatesPersistenceImpl" parent="basePersistence" />
	<bean id="com.portlets.action.service.TrainingProgramLocalService" class="com.portlets.action.service.impl.TrainingProgramLocalServiceImpl" />
	<bean id="com.portlets.action.service.TrainingProgramService" class="com.portlets.action.service.impl.TrainingProgramServiceImpl" />
	<bean id="com.portlets.action.service.persistence.TrainingProgramPersistence" class="com.portlets.action.service.persistence.TrainingProgramPersistenceImpl" parent="basePersistence" />
	<bean id="com.portlets.action.service.UserObjectLocalService" class="com.portlets.action.service.impl.UserObjectLocalServiceImpl" />
	<bean id="com.portlets.action.service.UserObjectService" class="com.portlets.action.service.impl.UserObjectServiceImpl" />
	<bean id="com.portlets.action.service.persistence.UserObjectPersistence" class="com.portlets.action.service.persistence.UserObjectPersistenceImpl" parent="basePersistence" />
	<bean id="com.portlets.action.service.UserSkillLevelLocalService" class="com.portlets.action.service.impl.UserSkillLevelLocalServiceImpl" />
	<bean id="com.portlets.action.service.UserSkillLevelService" class="com.portlets.action.service.impl.UserSkillLevelServiceImpl" />
	<bean id="com.portlets.action.service.persistence.UserSkillLevelPersistence" class="com.portlets.action.service.persistence.UserSkillLevelPersistenceImpl" parent="basePersistence" />
	<bean id="com.portlets.action.service.UserSkillListenerLocalService" class="com.portlets.action.service.impl.UserSkillListenerLocalServiceImpl" />
	<bean id="com.portlets.action.service.UserSkillListenerService" class="com.portlets.action.service.impl.UserSkillListenerServiceImpl" />
	<bean id="com.portlets.action.service.persistence.UserSkillListenerPersistence" class="com.portlets.action.service.persistence.UserSkillListenerPersistenceImpl" parent="basePersistence" />
</beans>