<?xml version="1.0"?>

<entity-mappings xmlns="http://java.sun.com/xml/ns/persistence/orm" xmlns:xsi="http://www.w3.org/2001/XMLSchema-instance" version="1.0" xsi:schemaLocation="http://java.sun.com/xml/ns/persistence/orm http://java.sun.com/xml/ns/persistence/orm_1_0.xsd">
	<persistence-unit-metadata>
		<xml-mapping-metadata-complete/>
		<persistence-unit-defaults>
			<access>PROPERTY</access>
		</persistence-unit-defaults>
	</persistence-unit-metadata>
	<mapped-superclass class="com.portlets.action.model.impl.CourseModelImpl">
		<attributes>
			<id name="courseId" />
			<basic name="courseName" />
			<basic name="courseStudentNo" />
			<basic name="courseStartDate">
				<temporal>TIMESTAMP</temporal>
			</basic>
			<basic name="courseEnrollStartDate">
				<temporal>TIMESTAMP</temporal>
			</basic>
			<basic name="courseSchoolDay" />
			<basic name="courseEnrollDeadLine">
				<temporal>TIMESTAMP</temporal>
			</basic>
			<basic name="statesId" />
			<basic name="trainingProgramId" />
			<basic name="educatorId" />
			<transient name="modelAttributes" />
			<transient name="primaryKey" />
			<transient name="primaryKeyObj" />
		</attributes>
	</mapped-superclass>
	<mapped-superclass class="com.portlets.action.model.impl.EducationUsersModelImpl">
		<attributes>
			<id name="educationUsersId" />
			<basic name="educationUsersSchool" />
			<basic name="educationUsersMajor" />
			<basic name="educationUsersDateStart">
				<temporal>TIMESTAMP</temporal>
			</basic>
			<basic name="educationUsersDateFinish">
				<temporal>TIMESTAMP</temporal>
			</basic>
			<basic name="educationUsersDegree" />
			<basic name="educationUsersDescription" />
			<basic name="userObjectId" />
			<transient name="modelAttributes" />
			<transient name="primaryKey" />
			<transient name="primaryKeyObj" />
		</attributes>
	</mapped-superclass>
	<mapped-superclass class="com.portlets.action.model.impl.EducatorModelImpl">
		<attributes>
			<id name="educatorId" />
			<basic name="educatorName" />
			<basic name="educatorAddress" />
			<basic name="educatorEmail" />
			<basic name="educatorPhone" />
			<basic name="educatorIntroduce" />
			<basic name="euducatorAchievements" />
			<basic name="educatorLogoName" />
			<basic name="educatorLogo" />
			<transient name="modelAttributes" />
			<transient name="primaryKey" />
			<transient name="primaryKeyObj" />
		</attributes>
	</mapped-superclass>
	<mapped-superclass class="com.portlets.action.model.impl.EmployerModelImpl">
		<attributes>
			<id name="employerId" />
			<basic name="employerName" />
			<basic name="employerAddress" />
			<basic name="employerEmail" />
			<basic name="employerPhone" />
			<basic name="employerIntroduce" />
			<basic name="employerAchievements" />
			<basic name="employerLogoName" />
			<basic name="employerLogo" />
			<transient name="modelAttributes" />
			<transient name="primaryKey" />
			<transient name="primaryKeyObj" />
		</attributes>
	</mapped-superclass>
	<mapped-superclass class="com.portlets.action.model.impl.ExperienceUsersModelImpl">
		<attributes>
			<id name="experienceUsersId" />
			<basic name="experienceUsersJob" />
			<basic name="experienceUsersCompany" />
			<basic name="experienceUsersDateStart">
				<temporal>TIMESTAMP</temporal>
			</basic>
			<basic name="experienceUsersDateFinish">
				<temporal>TIMESTAMP</temporal>
			</basic>
			<basic name="experienceUsersDescription" />
			<basic name="userObjectId" />
			<transient name="modelAttributes" />
			<transient name="primaryKey" />
			<transient name="primaryKeyObj" />
		</attributes>
	</mapped-superclass>
	<mapped-superclass class="com.portlets.action.model.impl.LevelModelImpl">
		<attributes>
			<id name="levelId" />
			<basic name="levelName" />
			<basic name="levelExplain" />
			<transient name="modelAttributes" />
			<transient name="primaryKey" />
			<transient name="primaryKeyObj" />
		</attributes>
	</mapped-superclass>
	<mapped-superclass class="com.portlets.action.model.impl.LinkUserCourseModelImpl">
		<id-class class="com.portlets.action.service.persistence.LinkUserCoursePK" />
		<attributes>
			<id name="userObjectId" />
			<id name="courseId" />
			<basic name="linkUserCourseNo" />
			<transient name="modelAttributes" />
			<transient name="primaryKey" />
			<transient name="primaryKeyObj" />
		</attributes>
	</mapped-superclass>
	<mapped-superclass class="com.portlets.action.model.impl.LinkUserRecruitmentModelImpl">
		<id-class class="com.portlets.action.service.persistence.LinkUserRecruitmentPK" />
		<attributes>
			<id name="recruitmentId" />
			<id name="userObjectId" />
			<basic name="linkUserRecruitmentNo" />
			<transient name="modelAttributes" />
			<transient name="primaryKey" />
			<transient name="primaryKeyObj" />
		</attributes>
	</mapped-superclass>
	<mapped-superclass class="com.portlets.action.model.impl.LinkUsersModelImpl">
		<id-class class="com.portlets.action.service.persistence.LinkUsersPK" />
		<attributes>
			<id name="userIdA" />
			<id name="userIdB" />
			<basic name="linkUsersNumber" />
			<transient name="modelAttributes" />
			<transient name="primaryKey" />
			<transient name="primaryKeyObj" />
		</attributes>
	</mapped-superclass>
	<mapped-superclass class="com.portlets.action.model.impl.RecruitmentModelImpl">
		<attributes>
			<id name="recruitmentId" />
			<basic name="recruitmentName" />
			<basic name="recruitmentPosition" />
			<basic name="recruitmentDescription" />
			<basic name="recruitmentBenefit" />
			<basic name="recruitmentJobType" />
			<basic name="recruitmentFileReq" />
			<basic name="recruitmentFileDeadlineFrom">
				<temporal>TIMESTAMP</temporal>
			</basic>
			<basic name="recruitmentFileDeadlineTo">
				<temporal>TIMESTAMP</temporal>
			</basic>
			<basic name="recruitmentSalary" />
			<basic name="recruitmentNo" />
			<basic name="recruitmentGender" />
			<basic name="recruitmentQualification" />
			<basic name="recruitmentAgeFrom" />
			<basic name="recruitmentAgeTo" />
			<basic name="recruitmentExper" />
			<basic name="employerId" />
			<basic name="statesId" />
			<transient name="modelAttributes" />
			<transient name="primaryKey" />
			<transient name="primaryKeyObj" />
		</attributes>
	</mapped-superclass>
	<mapped-superclass class="com.portlets.action.model.impl.RegisterCourseModelImpl">
		<id-class class="com.portlets.action.service.persistence.RegisterCoursePK" />
		<attributes>
			<id name="courseId" />
			<id name="userObjectId" />
			<basic name="statesId" />
			<transient name="modelAttributes" />
			<transient name="primaryKey" />
			<transient name="primaryKeyObj" />
		</attributes>
	</mapped-superclass>
	<mapped-superclass class="com.portlets.action.model.impl.RegisterRecruitmentModelImpl">
		<id-class class="com.portlets.action.service.persistence.RegisterRecruitmentPK" />
		<attributes>
			<id name="recruitmentId" />
			<id name="userObjectId" />
			<basic name="statesId" />
			<transient name="modelAttributes" />
			<transient name="primaryKey" />
			<transient name="primaryKeyObj" />
		</attributes>
	</mapped-superclass>
	<mapped-superclass class="com.portlets.action.model.impl.SkillModelImpl">
		<attributes>
			<id name="skillId" />
			<basic name="skillName" />
			<basic name="skillExplain" />
			<basic name="skillAncestor" />
			<transient name="modelAttributes" />
			<transient name="primaryKey" />
			<transient name="primaryKeyObj" />
		</attributes>
	</mapped-superclass>
	<mapped-superclass class="com.portlets.action.model.impl.StatesModelImpl">
		<attributes>
			<id name="statesId" />
			<basic name="statesName" />
			<basic name="statesExplain" />
			<transient name="modelAttributes" />
			<transient name="primaryKey" />
			<transient name="primaryKeyObj" />
		</attributes>
	</mapped-superclass>
	<mapped-superclass class="com.portlets.action.model.impl.TrainingProgramModelImpl">
		<attributes>
			<id name="trainingProgramId" />
			<basic name="trainingProgramName" />
			<basic name="trainingProgramPeriod" />
			<basic name="trainingProgramPurpose" />
			<basic name="trainingProgramDiploma" />
			<basic name="trainingProgramFee" />
			<basic name="trainingProgramItems" />
			<basic name="trainingProgramContent" />
			<basic name="trainingProgramDescription" />
			<basic name="educatorId" />
			<transient name="modelAttributes" />
			<transient name="primaryKey" />
			<transient name="primaryKeyObj" />
		</attributes>
	</mapped-superclass>
	<mapped-superclass class="com.portlets.action.model.impl.UserObjectModelImpl">
		<attributes>
			<id name="userObjectId" />
			<basic name="userObjectName" />
			<basic name="userObjectGender" />
			<basic name="userObjectAddress" />
			<basic name="userObjectBirthday">
				<temporal>TIMESTAMP</temporal>
			</basic>
			<basic name="userObjectEmail" />
			<basic name="userObjectPhone" />
			<basic name="userObjectIntroduce" />
			<transient name="modelAttributes" />
			<transient name="primaryKey" />
			<transient name="primaryKeyObj" />
		</attributes>
	</mapped-superclass>
	<mapped-superclass class="com.portlets.action.model.impl.UserSkillLevelModelImpl">
		<id-class class="com.portlets.action.service.persistence.UserSkillLevelPK" />
		<attributes>
			<id name="userObjectId" />
			<id name="skillId" />
			<basic name="levelId" />
			<transient name="modelAttributes" />
			<transient name="primaryKey" />
			<transient name="primaryKeyObj" />
		</attributes>
	</mapped-superclass>
	<mapped-superclass class="com.portlets.action.model.impl.UserSkillListenerModelImpl">
		<id-class class="com.portlets.action.service.persistence.UserSkillListenerPK" />
		<attributes>
			<id name="userObjectId" />
			<id name="skillId" />
			<transient name="modelAttributes" />
			<transient name="primaryKey" />
			<transient name="primaryKeyObj" />
		</attributes>
	</mapped-superclass>
	<entity class="com.portlets.action.model.impl.CourseImpl" name="Course">
		<table name="NewSocial_Course" />
		<attributes />
	</entity>
	<entity class="com.portlets.action.model.impl.EducationUsersImpl" name="EducationUsers">
		<table name="NewSocial_EducationUsers" />
		<attributes />
	</entity>
	<entity class="com.portlets.action.model.impl.EducatorImpl" name="Educator">
		<table name="NewSocial_Educator" />
		<attributes />
	</entity>
	<entity class="com.portlets.action.model.impl.EmployerImpl" name="Employer">
		<table name="NewSocial_Employer" />
		<attributes />
	</entity>
	<entity class="com.portlets.action.model.impl.ExperienceUsersImpl" name="ExperienceUsers">
		<table name="NewSocial_ExperienceUsers" />
		<attributes />
	</entity>
	<entity class="com.portlets.action.model.impl.LevelImpl" name="Level">
		<table name="NewSocial_Level" />
		<attributes />
	</entity>
	<entity class="com.portlets.action.model.impl.LinkUserCourseImpl" name="LinkUserCourse">
		<table name="NewSocial_LinkUserCourse" />
		<attributes />
	</entity>
	<entity class="com.portlets.action.model.impl.LinkUserRecruitmentImpl" name="LinkUserRecruitment">
		<table name="NewSocial_LinkUserRecruitment" />
		<attributes />
	</entity>
	<entity class="com.portlets.action.model.impl.LinkUsersImpl" name="LinkUsers">
		<table name="NewSocial_LinkUsers" />
		<attributes />
	</entity>
	<entity class="com.portlets.action.model.impl.RecruitmentImpl" name="Recruitment">
		<table name="NewSocial_Recruitment" />
		<attributes />
	</entity>
	<entity class="com.portlets.action.model.impl.RegisterCourseImpl" name="RegisterCourse">
		<table name="NewSocial_RegisterCourse" />
		<attributes />
	</entity>
	<entity class="com.portlets.action.model.impl.RegisterRecruitmentImpl" name="RegisterRecruitment">
		<table name="NewSocial_RegisterRecruitment" />
		<attributes />
	</entity>
	<entity class="com.portlets.action.model.impl.SkillImpl" name="Skill">
		<table name="NewSocial_Skill" />
		<attributes />
	</entity>
	<entity class="com.portlets.action.model.impl.StatesImpl" name="States">
		<table name="NewSocial_States" />
		<attributes />
	</entity>
	<entity class="com.portlets.action.model.impl.TrainingProgramImpl" name="TrainingProgram">
		<table name="NewSocial_TrainingProgram" />
		<attributes />
	</entity>
	<entity class="com.portlets.action.model.impl.UserObjectImpl" name="UserObject">
		<table name="NewSocial_UserObject" />
		<attributes />
	</entity>
	<entity class="com.portlets.action.model.impl.UserSkillLevelImpl" name="UserSkillLevel">
		<table name="NewSocial_UserSkillLevel" />
		<attributes />
	</entity>
	<entity class="com.portlets.action.model.impl.UserSkillListenerImpl" name="UserSkillListener">
		<table name="NewSocial_UserSkillListener" />
		<attributes />
	</entity>
</entity-mappings>