<?xml version="1.0"?>

<model-hints>
	<model name="com.portlets.action.model.Course">
		<field name="courseId" type="long" />
		<field name="courseName" type="String" />
		<field name="courseStudentNo" type="int" />
		<field name="courseStartDate" type="Date" />
		<field name="courseEnrollStartDate" type="Date" />
		<field name="courseSchoolDay" type="String" />
		<field name="courseEnrollDeadLine" type="Date" />
		<field name="statesId" type="long" />
		<field name="trainingProgramId" type="long" />
		<field name="educatorId" type="long" />
	</model>
	<model name="com.portlets.action.model.EducationUsers">
		<field name="educationUsersId" type="long" />
		<field name="educationUsersSchool" type="String" />
		<field name="educationUsersMajor" type="String" />
		<field name="educationUsersDateStart" type="Date" />
		<field name="educationUsersDateFinish" type="Date" />
		<field name="educationUsersDegree" type="String" />
		<field name="educationUsersDescription" type="String" />
		<field name="userObjectId" type="long" />
	</model>
	<model name="com.portlets.action.model.Educator">
		<field name="educatorId" type="long" />
		<field name="educatorName" type="String" />
		<field name="educatorAddress" type="String" />
		<field name="educatorEmail" type="String" />
		<field name="educatorPhone" type="String" />
		<field name="educatorIntroduce" type="String" />
		<field name="euducatorAchievements" type="String" />
		<field name="educatorLogoName" type="String" />
		<field name="educatorLogo" type="Blob" />
	</model>
	<model name="com.portlets.action.model.Employer">
		<field name="employerId" type="long" />
		<field name="employerName" type="String" />
		<field name="employerAddress" type="String" />
		<field name="employerEmail" type="String" />
		<field name="employerPhone" type="String" />
		<field name="employerIntroduce" type="String" />
		<field name="employerAchievements" type="String" />
		<field name="employerLogoName" type="String" />
		<field name="employerLogo" type="Blob" />
	</model>
	<model name="com.portlets.action.model.ExperienceUsers">
		<field name="experienceUsersId" type="long" />
		<field name="experienceUsersJob" type="String" />
		<field name="experienceUsersCompany" type="String" />
		<field name="experienceUsersDateStart" type="Date" />
		<field name="experienceUsersDateFinish" type="Date" />
		<field name="experienceUsersDescription" type="String" />
		<field name="userObjectId" type="long" />
	</model>
	<model name="com.portlets.action.model.Level">
		<field name="levelId" type="long" />
		<field name="levelName" type="String" />
		<field name="levelExplain" type="String" />
	</model>
	<model name="com.portlets.action.model.LinkUserCourse">
		<field name="userObjectId" type="long" />
		<field name="courseId" type="long" />
		<field name="linkUserCourseNo" type="int" />
	</model>
	<model name="com.portlets.action.model.LinkUserRecruitment">
		<field name="recruitmentId" type="long" />
		<field name="userObjectId" type="long" />
		<field name="linkUserRecruitmentNo" type="int" />
	</model>
	<model name="com.portlets.action.model.LinkUsers">
		<field name="userIdA" type="long" />
		<field name="userIdB" type="long" />
		<field name="linkUsersNumber" type="int" />
	</model>
	<model name="com.portlets.action.model.Recruitment">
		<field name="recruitmentId" type="long" />
		<field name="recruitmentName" type="String" />
		<field name="recruitmentPosition" type="String" />
		<field name="recruitmentDescription" type="String" />
		<field name="recruitmentBenefit" type="String" />
		<field name="recruitmentJobType" type="String" />
		<field name="recruitmentFileReq" type="String" />
		<field name="recruitmentFileDeadlineFrom" type="Date" />
		<field name="recruitmentFileDeadlineTo" type="Date" />
		<field name="recruitmentSalary" type="String" />
		<field name="recruitmentNo" type="int" />
		<field name="recruitmentGender" type="String" />
		<field name="recruitmentQualification" type="String" />
		<field name="recruitmentAgeFrom" type="int" />
		<field name="recruitmentAgeTo" type="int" />
		<field name="recruitmentExper" type="String" />
		<field name="employerId" type="long" />
		<field name="statesId" type="long" />
	</model>
	<model name="com.portlets.action.model.RegisterCourse">
		<field name="courseId" type="long" />
		<field name="userObjectId" type="long" />
		<field name="statesId" type="long" />
	</model>
	<model name="com.portlets.action.model.RegisterRecruitment">
		<field name="recruitmentId" type="long" />
		<field name="userObjectId" type="long" />
		<field name="statesId" type="long" />
	</model>
	<model name="com.portlets.action.model.Skill">
		<field name="skillId" type="long" />
		<field name="skillName" type="String" />
		<field name="skillExplain" type="String" />
		<field name="skillAncestor" type="long" />
	</model>
	<model name="com.portlets.action.model.States">
		<field name="statesId" type="long" />
		<field name="statesName" type="String" />
		<field name="statesExplain" type="String" />
	</model>
	<model name="com.portlets.action.model.TrainingProgram">
		<field name="trainingProgramId" type="long" />
		<field name="trainingProgramName" type="String" />
		<field name="trainingProgramPeriod" type="String" />
		<field name="trainingProgramPurpose" type="String" />
		<field name="trainingProgramDiploma" type="String" />
		<field name="trainingProgramFee" type="double" />
		<field name="trainingProgramItems" type="String" />
		<field name="trainingProgramContent" type="String" />
		<field name="trainingProgramDescription" type="String" />
		<field name="educatorId" type="long" />
	</model>
	<model name="com.portlets.action.model.UserObject">
		<field name="userObjectId" type="long" />
		<field name="userObjectName" type="String" />
		<field name="userObjectGender" type="boolean" />
		<field name="userObjectAddress" type="String" />
		<field name="userObjectBirthday" type="Date" />
		<field name="userObjectEmail" type="String" />
		<field name="userObjectPhone" type="String" />
		<field name="userObjectIntroduce" type="String" />
	</model>
	<model name="com.portlets.action.model.UserSkillLevel">
		<field name="userObjectId" type="long" />
		<field name="skillId" type="long" />
		<field name="levelId" type="long" />
	</model>
	<model name="com.portlets.action.model.UserSkillListener">
		<field name="userObjectId" type="long" />
		<field name="skillId" type="long" />
	</model>
</model-hints>